Dimension 1,Dimension 2,Dataset
0.9842017,0.5153144,Anomaly
0.7999293,0.62191135,Anomaly
0.11972136,0.25406593,Anomaly
0.0006593397,0.19086973,Anomaly
0.028419882,0.28823796,Anomaly
0.15106584,0.18449745,Anomaly
0.86262405,0.9081776,Anomaly
0.17615035,0.086432755,Anomaly
0.4634024,0.16051742,Anomaly
0.8139262,0.35653898,Anomaly
0.75162673,0.2969,Anomaly
0.44270933,0.22532105,Anomaly
0.9367791,0.9619664,Anomaly
0.33411443,0.27476925,Anomaly
0.5635996,0.24291068,Anomaly
0.48511052,0.27712455,Anomaly
0.5588072,0.31638148,Anomaly
0.48430657,0.13568774,Anomaly
0.93779635,0.97085625,Anomaly
0.4107313,0.24542078,Anomaly
0.6647504,0.34429565,Anomaly
0.54724765,0.23395866,Anomaly
0.36829564,0.2857372,Anomaly
0.5252703,0.20204437,Anomaly
0.7029395,0.33523867,Anomaly
0.25438783,0.03248048,Anomaly
0.8068442,0.9926047,Anomaly
0.12501267,0.011492126,Anomaly
0.18276674,0.0,Anomaly
0.17810927,0.014162294,Anomaly
0.087353714,0.044970647,Anomaly
0.77991,0.39569733,Anomaly
0.43612298,0.19393152,Anomaly
0.46047828,0.26036927,Anomaly
0.5371071,0.2924188,Anomaly
0.32190338,0.35034508,Anomaly
0.40053874,0.28793535,Anomaly
0.47754768,0.31386104,Anomaly
0.9866164,0.8913289,Anomaly
0.59073037,0.29440996,Anomaly
0.077959284,0.018662242,Anomaly
0.1228723,0.012212675,Anomaly
0.20973085,0.07896937,Anomaly
0.85671866,0.9401948,Anomaly
0.26372638,0.21533333,Anomaly
0.14065008,0.054663397,Anomaly
0.71149707,0.4387249,Anomaly
0.6885093,0.3772691,Anomaly
0.5421915,0.11065675,Anomaly
0.61366767,0.11911956,Anomaly
0.58221287,0.08308786,Anomaly
0.54757637,0.043283246,Anomaly
0.4990779,0.011372977,Anomaly
0.60561264,0.16845596,Anomaly
0.64962685,0.95996785,Anomaly
0.50277644,0.0077716103,Anomaly
0.6054896,0.23305014,Anomaly
0.06403211,0.1489843,Anomaly
0.16377072,0.061320532,Anomaly
0.6970029,0.43230522,Anomaly
0.8159101,0.42546552,Anomaly
0.042132307,0.17980452,Anomaly
0.2744662,0.07197061,Anomaly
0.8470709,0.9432905,Anomaly
0.6647432,0.1460504,Anomaly
0.4751877,0.8930284,Anomaly
0.23353748,0.60446763,Anomaly
0.55455786,0.03421986,Anomaly
0.64923483,0.2780263,Anomaly
0.24739826,0.556715,Anomaly
0.25022334,0.5275355,Anomaly
0.6146233,0.16235065,Anomaly
0.87885946,0.7025233,Anomaly
0.704387,0.57355976,Anomaly
0.76555616,0.66626716,Anomaly
0.563888,0.58069795,Anomaly
0.8591724,0.6276134,Anomaly
0.58050007,0.68029916,Anomaly
0.6753453,0.8453539,Anomaly
0.6190098,0.7027489,Anomaly
0.045104858,0.44009852,Anomaly
0.040159862,0.06955144,Anomaly
0.010381012,0.026981568,Anomaly
0.9340301,0.6931582,Anomaly
0.08352858,0.25920233,Anomaly
0.0,0.23795648,Anomaly
0.10231017,0.4140732,Anomaly
0.05524611,0.11645553,Anomaly
0.69350886,0.9231793,Anomaly
0.67868304,0.21513271,Anomaly
0.6956317,0.21478266,Anomaly
0.54467654,0.7745146,Anomaly
0.65304595,0.09642527,Anomaly
0.7614142,0.19190484,Anomaly
0.663832,0.3901374,Anomaly
0.71081674,0.2663722,Anomaly
0.9120539,0.7675557,Anomaly
0.63416016,0.5369277,Anomaly
0.7986872,0.5998672,Anomaly
0.5743968,0.7774729,Anomaly
0.53762937,0.61886877,Anomaly
0.94716287,0.6436785,Anomaly
0.67618495,0.7126248,Anomaly
0.66364634,0.763882,Anomaly
0.60959584,0.5988955,Anomaly
0.9600233,0.6381902,Anomaly
0.84767264,0.70622766,Anomaly
0.7144113,0.79394984,Anomaly
0.8621585,0.7420233,Anomaly
0.5522391,0.6560168,Anomaly
0.64276177,0.48552442,Anomaly
0.63347334,0.7931849,Anomaly
0.663402,0.29705134,Anomaly
0.71397275,0.30574465,Anomaly
0.8423662,0.14823331,Anomaly
0.72319394,0.901039,Anomaly
0.6513789,0.24172804,Anomaly
0.805257,0.2561485,Anomaly
0.6246991,0.87022394,Anomaly
0.750539,0.41116375,Anomaly
0.6757065,0.51427835,Anomaly
0.76669306,0.570879,Anomaly
0.64479697,0.8914396,Anomaly
0.62445015,0.63235205,Anomaly
0.8213728,0.7578177,Anomaly
0.7367926,0.46818408,Anomaly
0.67389274,0.5427996,Anomaly
0.8390036,0.1557548,Anomaly
0.27238646,0.5924457,Anomaly
0.77994674,0.32939893,Anomaly
0.26983428,0.59609514,Anomaly
0.19187969,0.58397394,Anomaly
0.31652197,0.62886715,Anomaly
0.23884816,0.54280823,Anomaly
0.4668439,0.8898976,Anomaly
0.8558713,0.29369283,Anomaly
0.64956796,0.62723243,Anomaly
0.7706237,0.65253115,Anomaly
0.7202162,0.81504697,Anomaly
0.5425943,0.5580387,Anomaly
0.546982,0.62836707,Anomaly
0.94442177,0.73816496,Anomaly
0.86000115,0.6747631,Anomaly
0.73371005,0.8474792,Anomaly
0.10949967,0.17128567,Anomaly
0.80874336,0.9979392,Anomaly
0.06772533,0.20031257,Anomaly
0.783204,0.49008605,Anomaly
0.0079088025,0.10636437,Anomaly
0.8559733,0.51563656,Anomaly
0.07919123,0.23259152,Anomaly
0.40214714,0.01730234,Anomaly
0.047336552,0.3868493,Anomaly
0.14725143,0.09541361,Anomaly
0.08675042,0.292298,Anomaly
1.0,0.5037013,Anomaly
0.9126171,0.4899143,Anomaly
0.029842487,0.2699621,Anomaly
0.052890956,0.4533097,Anomaly
0.023354957,0.222077,Anomaly
0.107287794,0.10262845,Anomaly
0.8152946,0.29858553,Anomaly
0.78614056,1.0,Anomaly
0.84244233,0.27626714,Anomaly
0.2598208,0.048604444,Anomaly
0.80490106,0.47479963,Anomaly
0.12782031,0.13628207,Anomaly
0.01708042,0.12689605,Anomaly
0.3529247,0.32957235,Anomaly
0.9812299,0.9025917,Anomaly
0.9869067,0.89368695,Anomaly
0.9317356,0.58128023,Anomaly
0.53131163,0.33709377,Anomaly
0.29192337,0.3444696,Anomaly
0.9064045,0.56275,Anomaly
0.50800145,0.3912539,Anomaly
0.9071933,0.59993684,Anomaly
0.711152,0.60415053,Anomaly
0.6806462,0.79129094,Anomaly
0.59066117,0.79879665,Anomaly
0.81779706,0.5825357,Anomaly
0.94408464,0.6090093,Anomaly
0.8666575,0.75498295,Anomaly
0.6193951,0.57002825,Anomaly
0.7370644,0.84745425,Arch
0.5994896,0.9912421,Arch
0.7494249,0.87230915,Arch
0.7653904,0.87712693,Arch
0.6522015,0.8224337,Arch
0.6735857,0.99490637,Arch
0.67069536,0.94161993,Arch
0.68528104,0.85003394,Arch
0.04978129,0.15438345,Arch
0.07966187,0.10315062,Arch
0.030552268,0.16356502,Arch
0.061383836,0.15844116,Arch
0.008018648,0.121976756,Arch
0.0,0.1500597,Arch
0.066102244,0.1109937,Arch
0.049366016,0.16378203,Arch
0.07711131,0.12090402,Arch
0.03733702,0.13111004,Arch
0.03538028,0.15810679,Arch
0.015455329,0.14966011,Arch
0.033293158,0.14879563,Arch
0.045519706,0.1614604,Arch
0.041317463,0.12056745,Arch
0.08640895,0.10726145,Arch
0.72534156,0.83172673,Arch
0.70914906,0.8496271,Arch
0.6580565,0.99189794,Arch
0.6734597,0.9482693,Arch
0.6822776,0.8538845,Arch
0.7266508,0.82109934,Arch
0.7121074,0.9562904,Arch
0.64373505,0.8626957,Arch
0.029232675,0.12775347,Arch
0.07400835,0.11987802,Arch
0.06297006,0.18035802,Arch
0.048988618,0.11327441,Arch
0.024542881,0.1439121,Arch
0.0055410485,0.16255915,Arch
0.06998792,0.16591117,Arch
0.05578584,0.10841692,Arch
0.6830986,0.94949883,Arch
0.6422478,0.9627337,Arch
0.6807074,0.9585088,Arch
0.700312,0.8444122,Arch
0.6256046,0.9848592,Arch
0.7276912,0.8277746,Arch
0.6834768,0.83057314,Arch
0.7520027,0.84846777,Arch
0.75584567,0.63424104,Arch
0.7728168,0.5644443,Arch
0.749741,0.6418469,Arch
0.7574585,0.6269368,Arch
0.76819104,0.5867337,Arch
0.75031286,0.6359302,Arch
0.77497363,0.6011897,Arch
0.7719208,0.596615,Arch
0.6134777,1.0,Arch
0.6444426,0.96192795,Arch
0.6737015,0.81262463,Arch
0.68327016,0.90210694,Arch
0.74078095,0.8869992,Arch
0.7462497,0.822892,Arch
0.6707801,0.90035695,Arch
0.7411619,0.86731523,Arch
0.7739684,0.563504,Arch
0.77258956,0.57005244,Arch
0.74604183,0.615548,Arch
0.7575831,0.6002263,Arch
0.7498861,0.63449216,Arch
0.7732262,0.6003192,Arch
0.74997145,0.6176905,Arch
0.76759756,0.6197219,Arch
0.92276675,0.11535002,Arch
0.8219756,0.030593216,Arch
0.80495393,0.08924975,Arch
1.0,0.1334343,Arch
0.75941974,0.09151181,Arch
0.8246016,0.12920325,Arch
0.8291168,0.17014131,Arch
0.7462941,0.04598662,Arch
0.69757676,0.8233367,Arch
0.7021297,0.9765639,Arch
0.70486957,0.960159,Arch
0.76641136,0.844527,Arch
0.66611975,0.83906347,Arch
0.699593,0.80595225,Arch
0.6925459,0.9605236,Arch
0.6062758,0.8689555,Arch
0.7574409,0.066642664,Arch
0.8074086,0.13355732,Arch
0.7690613,0.048062902,Arch
0.8392336,0.0733068,Arch
0.9572371,0.12802447,Arch
0.8678255,0.12773387,Arch
0.86519927,0.14779018,Arch
0.81850946,0.034241706,Arch
0.953626,0.1333094,Arch
0.9214416,0.12857392,Arch
0.8426439,0.013345164,Arch
0.86849064,0.013530165,Arch
0.9271879,0.13678971,Arch
0.8558305,0.13989295,Arch
0.89467156,0.06593275,Arch
0.84143025,0.122213624,Arch
0.8364648,0.016789017,Arch
0.8013037,0.12571576,Arch
0.8665734,0.098118514,Arch
0.93432385,0.15498021,Arch
0.83505183,0.0445051,Arch
0.9135099,0.15023229,Arch
0.7919464,0.03563331,Arch
0.868755,0.09593884,Arch
0.9149756,0.1576789,Arch
0.83244103,0.07019138,Arch
0.817327,0.1325815,Arch
0.8470819,0.18853179,Arch
0.8414947,0.13561574,Arch
0.9996241,0.15094899,Arch
0.8161363,0.043770976,Arch
0.78411764,0.02415082,Arch
0.889421,0.06896374,Arch
0.80264866,0.17360026,Arch
0.8510196,0.022289133,Arch
0.9876996,0.1515805,Arch
0.8011356,0.021100406,Arch
0.9227494,0.10428779,Arch
0.8251371,0.18520206,Arch
0.7734099,0.05159403,Arch
0.7744237,0.5588964,Arch
0.7718985,0.6196837,Arch
0.7739257,0.56211877,Arch
0.75661546,0.5951249,Arch
0.7517587,0.6132504,Arch
0.75509566,0.6218724,Arch
0.7463268,0.62702304,Arch
0.76957875,0.57394683,Arch
0.903861,0.13794543,Arch
0.9772128,0.13648164,Arch
0.83095986,0.05034928,Arch
0.9135948,0.14879732,Arch
0.8083225,0.069611296,Arch
0.95741695,0.11561403,Arch
0.86053467,0.07823393,Arch
0.89411986,0.0,Arch
0.7455652,0.84043014,Arch
0.7745865,0.8185601,Arch
0.77469814,0.86898005,Arch
0.6925492,0.8457119,Arch
0.58427596,0.9734631,Arch
0.6405931,0.9346343,Arch
0.67655915,0.8875652,Arch
0.60778,0.95038456,Arch
0.7634501,0.86457723,Arch
0.8068765,0.84308505,Arch
0.5820142,0.96594536,Arch
0.73167443,0.8640029,Arch
0.579552,0.9270446,Arch
0.8093574,0.85204715,Arch
0.63442075,0.94607204,Arch
0.61261475,0.9482986,Arch
0.67496085,0.86779946,Arch
0.7753077,0.8500152,Arch
0.79520845,0.83886284,Arch
0.62293214,0.9316497,Arch
0.6292662,0.9349294,Arch
0.5825439,0.9905324,Arch
0.5968803,0.9291442,Arch
0.7391177,0.83229685,Arch
0.07219474,0.13456234,Arch
0.03255424,0.11001893,Arch
0.07864638,0.14055194,Arch
0.08625745,0.13880058,Arch
0.049222413,0.09701544,Arch
0.07916247,0.11450751,Arch
0.05583659,0.10069152,Arch
0.028594304,0.12410164,Arch
0.898615,0.00051710056,Arch
0.881195,0.09107551,Arch
0.8502272,0.19084081,Arch
0.8500318,0.05137011,Arch
0.9980659,0.12956347,Arch
0.79850733,0.101878665,Arch
0.9265518,0.083909474,Arch
0.8666039,0.10211853,Arch
0.030941997,0.0,Health
0.08574854,0.019534582,Health
0.043430507,0.026215112,Health
0.089654736,0.17312206,Health
0.16793008,0.21656413,Health
0.107614845,0.14204074,Health
0.14959069,0.14607038,Health
0.11086901,0.17697251,Health
0.28227967,0.9658419,Health
0.30268547,0.98509294,Health
0.2968383,0.9370989,Health
0.2579924,0.96160066,Health
0.29507303,0.9096598,Health
0.31237906,0.9187451,Health
0.320035,0.98857373,Health
0.29687732,0.96542144,Health
0.26737833,0.92293525,Health
0.26413143,0.89620537,Health
0.25913233,0.90742904,Health
0.28215608,0.9622854,Health
0.28483844,0.9164347,Health
0.2671206,0.87227005,Health
0.27331498,0.93845093,Health
0.31778076,0.9628027,Health
0.03854835,0.15903924,Health
0.06634027,0.120558165,Health
0.0059646755,0.013516946,Health
0.10900559,0.15038726,Health
0.1338962,0.1297084,Health
0.04062723,0.11503943,Health
0.037464198,0.1802031,Health
0.09205068,0.052452665,Health
0.26129764,0.9257682,Health
0.25255758,0.9378526,Health
0.32391873,0.9538492,Health
0.30696228,0.9480595,Health
0.27633822,0.89641595,Health
0.28222373,0.9220003,Health
0.28624034,0.89532626,Health
0.25897574,0.8894066,Health
0.07052555,0.062017046,Health
0.14642428,0.22056946,Health
0.06036497,0.034704708,Health
0.12650904,0.10650894,Health
0.15326041,0.10197072,Health
0.12683082,0.17572463,Health
0.06410459,0.040636305,Health
0.17030017,0.16815694,Health
0.4940435,0.26854622,Health
0.483672,0.2597681,Health
0.5021787,0.2739121,Health
0.43877485,0.24179566,Health
0.43984637,0.23446777,Health
0.44244197,0.24070238,Health
0.51722413,0.28000495,Health
0.46831384,0.22194146,Health
0.23536082,0.113764286,Health
0.077117376,0.15261896,Health
0.21902193,0.124367945,Health
0.08199275,0.19893183,Health
0.05699515,0.16190654,Health
0.22842094,0.11454978,Health
0.027525531,0.005934295,Health
0.100040235,0.14895286,Health
0.5277512,0.29271305,Health
0.44771335,0.21912023,Health
0.5086326,0.2736323,Health
0.4373128,0.21070632,Health
0.447387,0.2266854,Health
0.453624,0.24488956,Health
0.43833053,0.2182347,Health
0.46591765,0.25895217,Health
0.809373,0.7967407,Health
0.841006,0.92195976,Health
0.9768595,0.8380493,Health
0.7951115,0.89860994,Health
1.0,0.8748723,Health
0.8225553,0.92804456,Health
0.80676293,0.9059815,Health
0.89254946,0.850106,Health
0.15093865,0.2072046,Health
0.22411509,0.096622385,Health
0.10810558,0.061313167,Health
0.120950915,0.0694477,Health
0.12242956,0.09666395,Health
0.09094432,0.18654251,Health
0.14722973,0.2052738,Health
0.21781994,0.10058137,Health
0.9508024,0.8428485,Health
0.9633216,0.836082,Health
0.82152516,0.86432225,Health
0.80076694,0.80867684,Health
0.85030115,0.86013484,Health
0.85059726,0.7608698,Health
0.81321675,0.9416174,Health
0.7993146,0.93057984,Health
0.94372195,0.86045074,Health
0.8493861,0.79247034,Health
0.8554785,0.87929857,Health
0.8689781,0.9306137,Health
0.86597705,0.81859905,Health
0.893106,0.97797436,Health
0.93817157,0.7778611,Health
0.8930581,0.80331385,Health
0.8320665,0.95974517,Health
0.98798805,0.8729716,Health
0.8369137,0.8732982,Health
0.8199852,0.80117166,Health
0.838221,0.8150874,Health
0.8743858,0.8568262,Health
0.9896101,0.847595,Health
0.8343927,0.93116975,Health
0.84766513,0.91464317,Health
0.7789115,0.88457453,Health
0.84194463,0.88693655,Health
0.9769932,0.82093626,Health
0.903048,0.7964957,Health
0.88635075,0.7925687,Health
0.76854616,0.87446547,Health
0.9558313,0.853765,Health
0.8764713,0.7539808,Health
0.9188316,0.8257379,Health
0.8810827,0.78353083,Health
0.8124902,0.9123606,Health
0.8799836,0.9060207,Health
0.9307365,0.7980311,Health
0.8627972,0.862166,Health
0.82551813,0.897815,Health
0.5245939,0.29280597,Health
0.47174576,0.23705249,Health
0.5039321,0.24659461,Health
0.480391,0.23954768,Health
0.51061165,0.24883842,Health
0.5282683,0.29370338,Health
0.5131014,0.26616472,Health
0.48749927,0.24085937,Health
0.8687197,0.7646703,Health
0.88582283,0.8166925,Health
0.8161771,0.81991386,Health
0.8721383,0.7703599,Health
0.97614664,0.8773471,Health
0.8953361,0.96657443,Health
0.8832103,0.96105576,Health
0.9887643,0.87010276,Health
0.082810745,0.10528978,Health
0.1976903,0.1495347,Health
0.093001604,0.21492971,Health
0.05456873,0.20075524,Health
0.010940768,0.047904838,Health
0.0060467273,0.076783866,Health
0.054052502,0.14264667,Health
0.08309245,0.07193272,Health
0.04626335,0.16881691,Health
0.119439766,0.18990628,Health
0.0766004,0.19312128,Health
0.087687455,0.12500755,Health
0.027953519,0.03177505,Health
0.1787772,0.10972696,Health
0.006001765,0.05354108,Health
0.19555633,0.18862462,Health
0.06427949,0.17916997,Health
0.16649055,0.1898456,Health
0.20892273,0.15017046,Health
0.0,0.015488936,Health
0.1858578,0.101976074,Health
0.087212324,0.111275546,Health
0.15805627,0.14705531,Health
0.092666835,0.13427335,Health
0.32264203,0.98113954,Health
0.3254939,1.0,Health
0.31057736,0.99672323,Health
0.3116015,0.96257555,Health
0.27303466,0.93837446,Health
0.3300306,0.9756751,Health
0.28426874,0.9821154,Health
0.2803619,0.99795616,Health
0.974978,0.8478278,Health
0.9152874,0.9681146,Health
0.90006864,0.841343,Health
0.91493917,0.9802647,Health
0.9308863,0.9361296,Health
0.90285,0.8976575,Health
0.99440986,0.85090286,Health
0.93226254,0.82364166,Health
0.12717518,0.12389845,H3
0.14528145,0.14229424,H3
0.061301112,0.13220364,H3
0.054958418,0.15542263,H3
0.12699574,0.1406055,H3
0.06084281,0.11961218,H3
0.02655226,0.121737726,H3
0.1517534,0.21658544,H3
0.7486099,0.9792308,H3
0.76348656,0.91571796,H3
0.76125854,0.9936573,H3
0.726592,0.936079,H3
0.7546682,0.9713496,H3
0.7334885,0.9150051,H3
0.7485354,0.96310353,H3
0.74725723,0.9851621,H3
0.7421086,0.9347155,H3
0.7328157,0.97882676,H3
0.7243368,0.9624466,H3
0.7345748,0.98235863,H3
0.7340787,0.93266654,H3
0.7413941,0.9899373,H3
0.7647618,0.926646,H3
0.7400828,0.9942408,H3
0.14085278,0.1960451,H3
0.05905836,0.12372611,H3
0.015667824,0.12925763,H3
0.16591126,0.16761498,H3
0.0,0.16558364,H3
0.1338326,0.17667054,H3
0.057295896,0.1408323,H3
0.15685898,0.17499729,H3
0.7389289,0.94074357,H3
0.7588796,0.92755085,H3
0.7376932,0.93752307,H3
0.7626914,1.0,H3
0.7676622,0.9840199,H3
0.76355976,0.9276297,H3
0.7446491,0.98989147,H3
0.7305938,0.9616861,H3
0.027213546,0.13133162,H3
0.08351748,0.119275376,H3
0.1559031,0.16873989,H3
0.12686114,0.17017424,H3
0.10537329,0.09922901,H3
0.09907114,0.120554015,H3
0.16383332,0.17012149,H3
0.017220981,0.1707823,H3
0.38232863,0.016204413,H3
0.3782662,0.01575372,H3
0.40016222,0.026421644,H3
0.3681463,0.022837615,H3
0.35637116,0.019582462,H3
0.35314715,0.01848973,H3
0.35141158,0.019956972,H3
0.35212713,0.027882835,H3
0.09601084,0.14238659,H3
0.018759966,0.13345724,H3
0.12159559,0.096853174,H3
0.0852265,0.1342527,H3
0.15119044,0.24490818,H3
0.08750583,0.15341432,H3
0.13089432,0.14761999,H3
0.1059254,0.09752617,H3
0.39718068,0.024004254,H3
0.3936955,0.022817666,H3
0.34887868,0.0056925747,H3
0.3640744,0.0042787795,H3
0.3395387,0.007650349,H3
0.37189478,0.0,H3
0.35065657,0.010060151,H3
0.34560734,0.01567933,H3
0.89868134,0.3398868,H3
0.89328635,0.34239703,H3
0.8260495,0.32419476,H3
0.90894717,0.31714895,H3
0.9502164,0.31607383,H3
0.81135935,0.23750897,H3
0.80680156,0.30529615,H3
0.9793233,0.31902197,H3
0.16506149,0.18829687,H3
0.14293174,0.12168007,H3
0.017723255,0.14530554,H3
0.16097416,0.23140977,H3
0.050131097,0.1935228,H3
0.053963415,0.16171643,H3
0.14361396,0.21826442,H3
0.030530298,0.16347899,H3
0.9921539,0.30478814,H3
0.9938578,0.31099927,H3
0.8438594,0.29629597,H3
0.98364687,0.30893368,H3
0.8213084,0.2907673,H3
0.86926234,0.3136368,H3
0.87415177,0.336784,H3
0.8025177,0.3265002,H3
0.85009897,0.29175508,H3
0.9325693,0.30722645,H3
0.9945301,0.27633116,H3
0.86291426,0.34429386,H3
0.83287776,0.2541553,H3
0.86616325,0.35206145,H3
0.8522999,0.283876,H3
0.87209237,0.30038062,H3
0.81470436,0.31316748,H3
0.7961108,0.2762182,H3
0.9008874,0.33958632,H3
0.9623858,0.2765586,H3
0.8515221,0.32617363,H3
0.9236356,0.3137713,H3
0.84980243,0.28852358,H3
0.9270788,0.29076588,H3
0.8601068,0.34193087,H3
0.93686944,0.36202058,H3
0.96613914,0.30471116,H3
0.91057825,0.3390055,H3
0.81470805,0.22490798,H3
0.8212299,0.26312235,H3
0.82714164,0.34645405,H3
0.9251008,0.33058026,H3
0.8261224,0.2672625,H3
0.83473176,0.30023164,H3
0.935648,0.29709592,H3
0.90844303,0.31856117,H3
0.96371967,0.30180272,H3
0.95566756,0.29109097,H3
0.8102791,0.23869964,H3
0.9861158,0.29148906,H3
0.4057745,0.027887382,H3
0.36011237,0.0022498253,H3
0.36221483,0.032819282,H3
0.40585163,0.027634174,H3
0.38951126,0.022844462,H3
0.37132087,0.021752696,H3
0.37174833,0.029393882,H3
0.36711118,0.0048109097,H3
0.95762867,0.28305247,H3
0.8540855,0.2906545,H3
0.803529,0.26142853,H3
0.8787166,0.2968902,H3
0.8381024,0.26285958,H3
1.0,0.27543503,H3
0.8874846,0.29085574,H3
0.81383127,0.33206764,H3
0.03872693,0.20921494,H3
0.04695215,0.20712791,H3
0.017504334,0.21709102,H3
0.029105758,0.22381158,H3
0.011109471,0.21868668,H3
0.1305499,0.2474983,H3
0.13666518,0.25946382,H3
0.14827494,0.2567471,H3
0.015283352,0.22003192,H3
0.13482589,0.24468392,H3
0.14927197,0.18009768,H3
0.13940838,0.27364567,H3
0.092698574,0.18757428,H3
0.13233812,0.15081203,H3
0.008661899,0.21938641,H3
0.054047886,0.18231145,H3
0.15578082,0.25125515,H3
0.14193693,0.26949537,H3
0.13976659,0.19114308,H3
0.0002706998,0.21334535,H3
0.12937255,0.19439931,H3
0.028744966,0.22231938,H3
0.028511625,0.19912054,H3
0.05079408,0.20501558,H3
0.7718752,0.96026754,H3
0.7754283,0.96541923,H3
0.76438755,0.9589091,H3
0.7432657,0.9116643,H3
0.7533601,0.917599,H3
0.7575129,0.9061871,H3
0.7523538,0.90554404,H3
0.75082356,0.93779254,H3
0.7940158,0.2611406,H3
0.9586883,0.31093186,H3
0.83066416,0.33157754,H3
0.8665756,0.36022168,H3
0.98552275,0.27149004,H3
0.9193329,0.27944866,H3
0.9578705,0.29726452,H3
0.81088084,0.23892872,H3
0.14468727,0.05254756,H4
0.12006354,0.08131686,H4
0.13897562,0.03071044,H4
0.08295994,0.07138137,H4
0.07911099,0.116237774,H4
0.0031894182,0.08640765,H4
0.10115207,0.088459745,H4
0.089984305,0.104365535,H4
0.63734895,0.94392854,H4
0.6297608,1.0,H4
0.6619952,0.9469504,H4
0.66354436,0.98948044,H4
0.63425964,0.9611717,H4
0.67806774,0.949799,H4
0.65326065,0.9379423,H4
0.65993816,0.98420167,H4
0.6531238,0.9819855,H4
0.62950706,0.9487795,H4
0.665336,0.992491,H4
0.66768914,0.987547,H4
0.6570842,0.95280516,H4
0.6361224,0.92798954,H4
0.6309475,0.9510457,H4
0.642105,0.97864306,H4
0.14861587,0.063022085,H4
0.007441768,0.08823623,H4
0.096714,0.17482041,H4
0.108381756,0.051679835,H4
0.12964761,0.045268863,H4
0.11931962,0.0133149745,H4
0.076594956,0.12535605,H4
0.013730378,0.08850073,H4
0.63671595,0.98446596,H4
0.64419436,0.982535,H4
0.65551436,0.97699416,H4
0.6239317,0.97276264,H4
0.6647977,0.9701461,H4
0.6603269,0.9598162,H4
0.638257,0.96454924,H4
0.6730487,0.97328925,H4
0.010112855,0.082763396,H4
0.15498975,0.09382377,H4
0.10919591,0.17786002,H4
0.14919464,0.116070926,H4
0.043309104,0.10710304,H4
0.118146904,0.07287203,H4
0.106389105,0.057760995,H4
0.08797438,0.112407185,H4
0.30482766,0.09800966,H4
0.36179367,0.09932728,H4
0.33557615,0.11425153,H4
0.31645718,0.10337445,H4
0.350145,0.100412525,H4
0.31992233,0.09907958,H4
0.34664717,0.09685342,H4
0.3476544,0.09043501,H4
0.038232148,0.11894546,H4
0.14253342,0.15531246,H4
0.15141204,0.11700342,H4
0.13012527,0.07834858,H4
0.021838795,0.08208317,H4
0.14160642,0.111189894,H4
0.11681822,0.014442813,H4
0.06603163,0.15076344,H4
0.32546797,0.09768612,H4
0.34151733,0.1013026,H4
0.30535647,0.09670041,H4
0.34236386,0.09384576,H4
0.31056112,0.096441686,H4
0.35993528,0.10028218,H4
0.3178385,0.10968128,H4
0.3678975,0.10266932,H4
0.954451,0.60170674,H4
0.8864559,0.56020766,H4
0.8989669,0.48425847,H4
0.8930359,0.60363615,H4
0.8645585,0.58646816,H4
0.95767057,0.61683345,H4
0.8773092,0.53162545,H4
0.8634211,0.4725086,H4
0.11040257,0.048465144,H4
0.13988408,0.11413285,H4
0.11625877,0.09917812,H4
0.10360483,0.087306686,H4
0.1327442,0.035676394,H4
0.0,0.07791888,H4
0.050819103,0.08782803,H4
0.12632124,0.06737913,H4
0.8914863,0.50495666,H4
0.9239702,0.57556015,H4
0.8871156,0.59165853,H4
0.86337984,0.5740069,H4
0.8612298,0.47027922,H4
0.94153035,0.591137,H4
0.9827567,0.6067336,H4
0.8698583,0.595977,H4
0.88587,0.45437852,H4
0.8869062,0.58603203,H4
0.9002735,0.5712717,H4
0.9346311,0.593203,H4
0.9822073,0.58753693,H4
0.8607435,0.4853419,H4
0.99070483,0.5724433,H4
0.8641934,0.49613398,H4
0.9032797,0.5536503,H4
0.8623438,0.4736779,H4
0.8734217,0.5085715,H4
0.95991033,0.5811089,H4
0.9069765,0.4532505,H4
0.9850124,0.56728923,H4
0.97131103,0.5945286,H4
0.8995928,0.46100155,H4
0.9054903,0.5775022,H4
0.8751268,0.44604754,H4
0.891784,0.5651447,H4
0.97883445,0.57610214,H4
0.92637664,0.56563336,H4
0.9032443,0.46535757,H4
0.92289525,0.5944347,H4
0.8619854,0.50269645,H4
0.9781796,0.59528166,H4
0.9880002,0.5847079,H4
0.86898583,0.476509,H4
0.9940388,0.5801798,H4
0.90487206,0.483813,H4
0.878898,0.53143114,H4
0.88633716,0.48836172,H4
0.90764385,0.4570287,H4
0.37316966,0.1019916,H4
0.34125713,0.10794502,H4
0.33935872,0.1101297,H4
0.32163504,0.09432702,H4
0.33203283,0.09110256,H4
0.32568234,0.09147417,H4
0.34041703,0.093285136,H4
0.36493102,0.10181857,H4
0.9769587,0.57828665,H4
0.9031702,0.5141976,H4
0.89365846,0.47435877,H4
0.9039064,0.57958066,H4
0.9253426,0.57037836,H4
0.8887607,0.45674503,H4
0.90095276,0.5082758,H4
0.9854761,0.5628148,H4
0.03922108,0.058115438,H4
0.116239056,0.03986797,H4
0.09095838,0.0,H4
0.021563625,0.05704189,H4
0.022777868,0.057444938,H4
0.10042047,0.044015873,H4
0.12717816,0.04123276,H4
0.11788527,0.027321236,H4
0.111390434,0.113938004,H4
0.024229906,0.0711428,H4
0.03348106,0.06301819,H4
0.12294941,0.028278818,H4
0.16296254,0.111267745,H4
0.11514898,0.12458232,H4
0.17035402,0.040420175,H4
0.118455455,0.10998936,H4
0.006148342,0.06028771,H4
0.108042784,0.08112756,H4
0.014995101,0.05922339,H4
0.045148034,0.05993936,H4
0.14152218,0.08371327,H4
0.09577383,0.09285651,H4
0.09633035,0.01606382,H4
0.10320637,0.005404521,H4
0.6524709,0.93510425,H4
0.6546395,0.9951424,H4
0.655939,0.9579366,H4
0.6834888,0.9327912,H4
0.6381387,0.941556,H4
0.66988057,0.9645197,H4
0.67531085,0.9409612,H4
0.65530235,0.9589694,H4
0.8922969,0.44219497,H4
0.9906965,0.56322527,H4
0.90206784,0.4668817,H4
1.0,0.5619816,H4
0.94220275,0.5421404,H4
0.8833226,0.51461554,H4
0.875776,0.49652973,H4
0.9369218,0.5322703,H4
0.08825337,0.18291105,H5
0.04242567,0.00075063383,H5
0.09919442,0.22285563,H5
0.08333681,0.010151427,H5
0.08580837,0.18341547,H5
0.049126267,0.2571927,H5
0.105527945,0.12785368,H5
0.0656367,0.030865764,H5
0.9526429,0.12503557,H5
0.98581016,0.09982921,H5
0.9884802,0.08908685,H5
0.9800065,0.17225628,H5
0.95534945,0.13634318,H5
0.9581801,0.09427503,H5
0.9482777,0.124528885,H5
0.97226226,0.14787592,H5
0.98889893,0.09970558,H5
0.95284444,0.089969106,H5
0.98048675,0.08552516,H5
0.9629368,0.16684167,H5
0.9555994,0.10134273,H5
0.9383374,0.1424194,H5
0.9695564,0.11063786,H5
0.9609503,0.1527491,H5
0.06209497,0.25226298,H5
0.10120792,0.11773323,H5
0.07256381,0.02658541,H5
0.04194143,0.01990871,H5
0.10806593,0.19613494,H5
0.04977729,0.22163703,H5
0.08697999,0.07099518,H5
0.07095335,0.1113816,H5
0.97529316,0.17014866,H5
0.97704643,0.15774167,H5
0.9426043,0.09224296,H5
0.96865016,0.08690622,H5
0.9707241,0.11003613,H5
0.9742407,0.088587776,H5
0.99535686,0.1155931,H5
0.9424882,0.12081376,H5
0.08361479,0.07288958,H5
0.07719474,0.19967161,H5
0.12561345,0.18744253,H5
0.056104593,0.25459638,H5
0.041483413,0.0,H5
0.12522498,0.16446723,H5
0.14175619,0.19039436,H5
0.050923027,0.019710476,H5
0.3110272,0.5097503,H5
0.27890047,0.4989658,H5
0.26679733,0.48402068,H5
0.26453418,0.47034842,H5
0.25254288,0.46315458,H5
0.30294985,0.5031109,H5
0.29465267,0.50334966,H5
0.24468325,0.45470923,H5
0.08962087,0.012180728,H5
0.11881434,0.2150319,H5
0.047039133,0.23305346,H5
0.108152784,0.24113123,H5
0.121934466,0.16481823,H5
0.110077426,0.17357211,H5
0.12156637,0.14162898,H5
0.08240658,0.017475775,H5
0.26192093,0.47389615,H5
0.3160068,0.51328903,H5
0.30279052,0.5044544,H5
0.25095803,0.4610995,H5
0.25951928,0.4871934,H5
0.25202,0.46062335,H5
0.3124969,0.51111346,H5
0.25468844,0.46472538,H5
0.8679148,0.9827333,H5
0.8552888,0.7971427,H5
0.88447565,1.0,H5
0.77452284,0.8114068,H5
0.8479977,0.8415883,H5
0.8828369,0.80619293,H5
0.8378053,0.75452256,H5
0.8501212,0.90556806,H5
0.11684491,0.17830966,H5
0.07580993,0.063421816,H5
0.041330088,0.06304367,H5
0.10608287,0.17711979,H5
0.079652146,0.009635426,H5
0.06978663,0.20831262,H5
0.05507185,0.20555398,H5
0.03388147,0.23127244,H5
0.8776699,0.9377307,H5
0.88360065,0.77647525,H5
0.875469,0.9405877,H5
0.8113339,0.82975334,H5
0.8117486,0.7795582,H5
0.81934524,0.7804692,H5
0.91401976,0.99728996,H5
0.849311,0.753652,H5
0.81031644,0.827358,H5
0.801875,0.86107695,H5
0.888617,0.7811652,H5
0.8172127,0.92855924,H5
0.89503783,0.75187314,H5
0.8265589,0.84938955,H5
0.8857636,0.91524583,H5
0.9135689,0.99260783,H5
0.8425858,0.938164,H5
0.79042226,0.8085332,H5
0.8892871,0.97157615,H5
0.89896655,0.75384444,H5
0.8653857,0.7492978,H5
0.89858496,0.95763797,H5
0.8784363,0.90415037,H5
0.81778973,0.77167946,H5
0.8817951,0.99388677,H5
0.87512565,0.9244063,H5
0.86647314,0.72427857,H5
0.8783496,0.9543938,H5
0.8669264,0.8131019,H5
0.8291135,0.7842165,H5
0.8009362,0.7886017,H5
0.8057148,0.80037445,H5
0.8176869,0.91843885,H5
0.8627219,0.77615565,H5
0.8479888,0.90150833,H5
0.89068127,0.80176616,H5
0.91348004,0.9911626,H5
0.894007,0.73594314,H5
0.88051426,0.9961242,H5
0.8524392,0.9471388,H5
0.31708962,0.5146373,H5
0.27758554,0.47874293,H5
0.2870127,0.4910595,H5
0.27391544,0.48057026,H5
0.28152603,0.4846162,H5
0.32002434,0.5167891,H5
0.28035834,0.47519,H5
0.31452078,0.51190263,H5
0.86298615,0.87772703,H5
0.909261,0.942068,H5
0.80851805,0.820114,H5
0.91189224,0.9365149,H5
0.8471123,0.8212888,H5
0.87212193,0.78989005,H5
0.88119555,0.73941594,H5
0.869443,0.7873366,H5
0.075473376,0.16986415,H5
0.023906525,0.06867956,H5
0.037470575,0.10442618,H5
0.013030395,0.23884149,H5
0.05963401,0.20513667,H5
0.02591859,0.05051277,H5
0.03688521,0.07016407,H5
0.04246834,0.15303189,H5
0.0,0.02397527,H5
0.014844092,0.022660997,H5
0.013654706,0.038905032,H5
0.034552258,0.13902833,H5
0.02907271,0.2581901,H5
0.03974638,0.22232452,H5
0.053121474,0.17872533,H5
0.015389367,0.2128494,H5
0.07873431,0.23305395,H5
0.07761042,0.22973895,H5
0.023667412,0.23308656,H5
0.0027021985,0.05423449,H5
0.122627094,0.028823528,H5
0.02461519,0.06687081,H5
0.06948227,0.24783587,H5
0.03440838,0.07446321,H5
1.0,0.13283592,H5
0.9909531,0.1311125,H5
0.9600577,0.15604372,H5
0.96879613,0.17400287,H5
0.95085514,0.13682404,H5
0.9684944,0.18060555,H5
0.9934098,0.13364634,H5
0.93435085,0.15696985,H5
0.90405875,0.9329461,H5
0.8889642,0.7511722,H5
0.84810793,0.7448641,H5
0.8317951,0.7947821,H5
0.9218749,0.9519306,H5
0.88626164,0.9933663,H5
0.91395414,0.98969954,H5
0.87386763,0.7326024,H5
0.027515704,0.33475435,H6
0.032414377,0.33745357,H6
0.098018594,0.36788583,H6
0.0778751,0.37184492,H6
0.06688868,0.37727797,H6
0.12876989,0.52204084,H6
0.11816279,0.5355588,H6
0.12975487,0.528372,H6
0.7987398,0.0,H6
0.7965361,0.022305386,H6
0.7982755,0.042682145,H6
0.7798961,0.07735747,H6
0.75777507,0.028661346,H6
0.7661032,0.09002019,H6
0.7738691,0.08670141,H6
0.7823574,0.05225951,H6
0.7766132,0.07275763,H6
0.7630771,0.08263631,H6
0.788555,0.005667644,H6
0.78575146,0.08288074,H6
0.80326015,0.030286828,H6
0.7739597,0.035308152,H6
0.7976952,0.05147762,H6
0.7607279,0.042427585,H6
0.11557222,0.48730698,H6
0.04858541,0.33809423,H6
0.0823056,0.3153122,H6
0.13112158,0.5497382,H6
0.08475366,0.38344494,H6
0.10337036,0.50433815,H6
0.078529924,0.45428136,H6
0.041342176,0.3122354,H6
0.79627883,0.031237518,H6
0.7836105,0.08057928,H6
0.8019043,0.043610003,H6
0.8008458,0.05269863,H6
0.7617471,0.058124155,H6
0.79787666,0.07378905,H6
0.7684585,0.031711094,H6
0.78357744,0.064560026,H6
0.082861625,0.3467522,H6
0.109057784,0.46619418,H6
0.061100636,0.41639507,H6
0.11093616,0.60433894,H6
0.06563687,0.30054855,H6
0.035265733,0.34013355,H6
0.08237478,0.3879689,H6
0.12298641,0.42266947,H6
0.31390226,0.80972964,H6
0.3203559,0.8003421,H6
0.28795817,0.7568185,H6
0.30061194,0.7705115,H6
0.30503288,0.80427116,H6
0.30421004,0.81391865,H6
0.2920708,0.773085,H6
0.3056751,0.79370034,H6
0.113928266,0.5318651,H6
0.090183645,0.36835313,H6
0.081129014,0.34981024,H6
0.08826517,0.5703746,H6
0.08964183,0.28930455,H6
0.026345594,0.39241236,H6
0.083814815,0.29456118,H6
0.1044568,0.46507245,H6
0.28796372,0.7925322,H6
0.29074126,0.7675633,H6
0.29757068,0.77633834,H6
0.3087092,0.804642,H6
0.2869607,0.77172893,H6
0.28004614,0.751632,H6
0.3258015,0.796687,H6
0.31919485,0.7972742,H6
0.84958,0.95148104,H6
0.9276606,0.8709911,H6
0.9716265,0.94875014,H6
0.9448133,0.8825228,H6
0.9091559,0.8459034,H6
0.84590864,0.85571593,H6
0.88324684,0.8707817,H6
0.86205167,0.99805063,H6
0.07533979,0.4573375,H6
0.03566312,0.36913365,H6
0.10952585,0.41277215,H6
0.011291324,0.37200475,H6
0.081018426,0.40615222,H6
0.12417596,0.56601906,H6
0.11738981,0.5606018,H6
0.09375071,0.54393005,H6
1.0,0.9229262,H6
0.9687518,0.939641,H6
0.9498289,0.92270005,H6
0.866359,0.9996484,H6
0.89107066,0.94992495,H6
0.8950601,0.8622985,H6
0.9486412,0.9362846,H6
0.82784706,0.87465715,H6
0.9844223,0.9196486,H6
0.87207943,0.9533602,H6
0.8733086,0.8864255,H6
0.86365694,0.9217763,H6
0.8626215,0.9049025,H6
0.9969545,0.93901473,H6
0.86727935,0.8655481,H6
0.92303956,0.9166125,H6
0.8699685,0.9889083,H6
0.8868682,0.9658917,H6
0.99018586,0.9244428,H6
0.85743284,0.9528957,H6
0.9488704,0.9385556,H6
0.83156073,0.86318105,H6
0.9597491,0.9321501,H6
0.97165906,0.9737813,H6
0.90749854,0.90325654,H6
0.85897094,0.97243696,H6
0.8443054,0.96128255,H6
0.98780626,0.93697846,H6
0.8699446,0.87493336,H6
0.8524973,0.92605066,H6
0.9476141,0.8950431,H6
0.9954978,0.95996946,H6
0.8834336,0.90731096,H6
0.92417085,0.95466965,H6
0.9671885,0.9150126,H6
0.87268984,0.91611916,H6
0.8448817,0.98612565,H6
0.99448377,0.9506392,H6
0.9448373,0.9135333,H6
0.8682966,0.9503481,H6
0.32768223,0.7949627,H6
0.30192542,0.788164,H6
0.30871904,0.76385015,H6
0.3284876,0.79316247,H6
0.314772,0.76536036,H6
0.30423084,0.76619685,H6
0.32257533,0.78644514,H6
0.32018143,0.7879831,H6
0.8503646,0.9050188,H6
0.86410254,0.98781013,H6
0.9883896,0.92067116,H6
0.9374392,0.9619378,H6
0.9931537,0.9840246,H6
0.9255527,0.8851162,H6
0.8530608,0.93459094,H6
0.86348855,0.97267395,H6
0.10540737,0.560216,H6
0.0662048,0.32825345,H6
0.109030455,0.53616625,H6
0.00022148865,0.41116124,H6
0.059078824,0.43843654,H6
0.06563244,0.46078336,H6
0.104109116,0.5825075,H6
0.11000078,0.5192106,H6
0.10611081,0.4298938,H6
0.008513362,0.41349325,H6
0.09325706,0.6043845,H6
0.08156292,0.49647337,H6
0.09399777,0.5311909,H6
0.00079289614,0.40932217,H6
0.07106622,0.48247603,H6
0.0547001,0.4725115,H6
0.09136698,0.4446334,H6
0.010561255,0.41670257,H6
0.10959908,0.5775969,H6
0.07956975,0.51818234,H6
0.0,0.40841287,H6
0.099769875,0.5731733,H6
0.03918705,0.45443475,H6
0.09058014,0.54694474,H6
0.7561646,0.030836448,H6
0.7719515,0.039168265,H6
0.7726561,0.0014102005,H6
0.7566373,0.05233188,H6
0.7877256,0.007298766,H6
0.7754976,0.0033789903,H6
0.761666,0.042153932,H6
0.7535585,0.011822525,H6
0.99878716,0.9897796,H6
0.9952044,0.9955615,H6
0.8262637,0.8973859,H6
0.8440436,0.99459577,H6
0.8371505,1.0,H6
0.9563881,0.9476003,H6
0.9049277,0.95403993,H6
0.8833375,0.9449451,H6
0.8337798,0.8875892,H7
0.9320645,0.9723415,H7
0.89808154,0.8595468,H7
0.87520814,0.9766498,H7
0.91253614,0.97501546,H7
0.8764075,0.81948704,H7
0.8958484,0.7780684,H7
0.9269961,0.90882206,H7
0.48529726,0.09044933,H7
0.41932848,0.021600774,H7
0.4716762,0.03544451,H7
0.47356725,0.016628094,H7
0.45343077,0.06084804,H7
0.47816914,0.064676695,H7
0.49456608,0.0222882,H7
0.4283041,0.03941084,H7
0.42594278,0.03336065,H7
0.4694875,0.06939427,H7
0.45150924,0.061053522,H7
0.4747772,0.051528014,H7
0.48823217,0.09034315,H7
0.4355126,0.06730529,H7
0.49860948,0.032012958,H7
0.4514251,0.029516969,H7
0.8591256,0.87325984,H7
0.9508235,0.947425,H7
0.88836735,0.8056051,H7
0.86276525,0.8153085,H7
0.9462284,0.9549203,H7
0.8946182,0.8099273,H7
0.92753303,0.8810991,H7
0.8590767,0.96305776,H7
0.41109052,0.043153454,H7
0.41723385,0.03958316,H7
0.47311994,0.04571484,H7
0.44204035,0.04632855,H7
0.45878327,0.03807287,H7
0.47110194,0.007885498,H7
0.4687468,0.0,H7
0.46325153,0.021031251,H7
0.90269077,0.78554803,H7
0.8532373,0.7675251,H7
0.87816274,1.0,H7
0.9102603,0.9367754,H7
0.9010748,0.8109643,H7
0.8602134,0.91386145,H7
0.9566255,0.9123803,H7
0.88129604,0.9002551,H7
0.65555185,0.9043681,H7
0.6280647,0.8863569,H7
0.61959565,0.8849049,H7
0.6099976,0.8933082,H7
0.57879955,0.85030407,H7
0.6209182,0.8840515,H7
0.5869802,0.8558546,H7
0.55901855,0.83893645,H7
0.8223714,0.86921036,H7
0.8367708,0.8791303,H7
0.9419882,0.95908517,H7
0.8481081,0.90711147,H7
0.8695378,0.8289856,H7
0.90800303,0.7705134,H7
0.98393464,0.9464342,H7
0.8757024,0.99724394,H7
0.6231253,0.8649583,H7
0.5973053,0.844711,H7
0.558611,0.8389541,H7
0.6326381,0.88057905,H7
0.5767103,0.84730804,H7
0.60182905,0.878294,H7
0.63803357,0.88965446,H7
0.6404012,0.8956563,H7
0.16609989,0.52227545,H7
0.01406448,0.5047536,H7
0.12059648,0.50643766,H7
0.037263956,0.5516032,H7
0.12735815,0.51492757,H7
0.20774208,0.490991,H7
0.16096997,0.4491843,H7
0.16904023,0.3966533,H7
0.9249873,0.86014384,H7
0.94277734,0.9266208,H7
0.9249873,0.86014384,H7
0.91193956,0.84760356,H7
0.91246325,0.8091721,H7
0.9221335,0.7638016,H7
0.97144336,0.9447883,H7
0.891773,0.8352235,H7
0.10375007,0.5042549,H7
0.13883132,0.3661841,H7
0.13472643,0.39709663,H7
0.055788625,0.4885348,H7
0.06774115,0.48460746,H7
0.06475475,0.46217102,H7
0.07835666,0.5527937,H7
0.05231582,0.492329,H7
0.1537229,0.5043044,H7
0.17334813,0.42863393,H7
0.19888562,0.4546382,H7
0.034972657,0.48977754,H7
0.10180288,0.5188548,H7
0.09868284,0.4663239,H7
0.115939796,0.35395554,H7
0.021617007,0.522767,H7
0.17758755,0.41280252,H7
0.052421115,0.54822206,H7
0.11640454,0.5547003,H7
0.09686961,0.566843,H7
0.18790364,0.47417396,H7
0.16315432,0.52687067,H7
0.19139726,0.4173078,H7
0.05033517,0.53918076,H7
0.118599765,0.53830373,H7
0.14581937,0.42147398,H7
0.07112642,0.50798494,H7
0.12166907,0.44326043,H7
0.03442384,0.5298606,H7
0.03806604,0.4621121,H7
0.113707766,0.36223257,H7
0.08446902,0.48345712,H7
0.13113138,0.4171224,H7
0.15208358,0.40702295,H7
0.1030863,0.49317068,H7
0.013945656,0.48399338,H7
0.19455189,0.4039496,H7
0.15890601,0.48669994,H7
0.057159983,0.5040344,H7
0.15907231,0.45928022,H7
0.55322087,0.83514905,H7
0.62306416,0.8624916,H7
0.6029804,0.8658493,H7
0.55440336,0.83598363,H7
0.58675534,0.85144645,H7
0.5930164,0.87372106,H7
0.6211762,0.8688603,H7
0.624437,0.86771727,H7
0.19447403,0.43340608,H7
0.16548996,0.37041977,H7
0.12650062,0.46780267,H7
0.06599637,0.44271737,H7
0.1086169,0.47497582,H7
0.02786353,0.44921565,H7
0.0063286233,0.47782278,H7
0.1563101,0.38541493,H7
0.8895414,0.8951426,H7
0.92416507,0.7779413,H7
0.9163209,0.75165445,H7
0.9642922,0.85017365,H7
0.9548657,0.8635574,H7
0.9277606,0.837737,H7
0.98068345,0.8764034,H7
0.94323313,0.8823752,H7
0.8276324,0.9385023,H7
0.9453622,0.8130383,H7
0.9739764,0.9030686,H7
0.9378219,0.8427459,H7
0.9189,0.76644236,H7
0.9529297,0.9017205,H7
0.9385854,0.77177346,H7
1.0,0.8720129,H7
0.8218072,0.89899063,H7
0.90138763,0.841945,H7
0.8857676,0.79790777,H7
0.97766984,0.94061834,H7
0.9896199,0.86406463,H7
0.88264614,0.9764969,H7
0.86893386,0.8135697,H7
0.87053823,0.85438085,H7
0.41622782,0.051595826,H7
0.42113945,0.06305254,H7
0.48505455,0.02818416,H7
0.40708473,0.03310312,H7
0.4477737,0.005590294,H7
0.4447388,0.014903016,H7
0.40578237,0.024911538,H7
0.45270973,0.07777333,H7
0.19675124,0.38893658,H7
0.1274703,0.46451005,H7
0.0,0.45528188,H7
0.085042395,0.43193558,H7
0.14885764,0.42044094,H7
0.047803365,0.480112,H7
0.12217726,0.35388732,H7
0.12975672,0.40995067,H7
0.06102875,0.012249684,H8
0.07019426,0.054107994,H8
0.041970514,0.08841881,H8
0.0743184,0.16325334,H8
0.12851496,0.05427462,H8
0.043832976,0.12401325,H8
0.16509786,0.13684462,H8
0.06635254,0.046848424,H8
0.1254358,0.9600179,H8
0.17693828,0.9825415,H8
0.16904265,0.96698165,H8
0.19115902,0.9840182,H8
0.1427749,0.9622396,H8
0.13821183,0.96070606,H8
0.1977232,0.97545654,H8
0.21781069,0.96605057,H8
0.160075,1.0,H8
0.15608634,0.9977219,H8
0.2310981,0.964832,H8
0.19194207,0.9880174,H8
0.11251799,0.9790223,H8
0.14476135,0.97983736,H8
0.123787306,0.98449427,H8
0.14282173,0.98024297,H8
0.02178016,0.10330877,H8
0.15124345,0.04266207,H8
0.07919273,0.090055354,H8
0.026766103,0.15031067,H8
0.11644515,0.062690146,H8
0.042508516,0.059782203,H8
0.13606846,0.15551887,H8
0.0127487825,0.13572358,H8
0.15665115,0.97872204,H8
0.15559244,0.9576019,H8
0.10618236,0.9726177,H8
0.1282214,0.9574581,H8
0.18417647,0.9851594,H8
0.21643394,0.95355546,H8
0.2112001,0.97411144,H8
0.2082538,0.9672045,H8
0.009119647,0.041004717,H8
0.11134943,0.029018663,H8
0.1806659,0.12523097,H8
0.016234681,0.13333091,H8
0.061526522,0.12817101,H8
0.038331322,0.05847215,H8
0.04208612,0.05604583,H8
0.082660064,0.1444789,H8
0.30909994,0.32086304,H8
0.26751325,0.32312444,H8
0.2867288,0.31312564,H8
0.3109435,0.35336056,H8
0.30534706,0.33826125,H8
0.287099,0.31980506,H8
0.3195642,0.36804193,H8
0.2850458,0.32455224,H8
0.10468841,0.018278787,H8
0.06601139,0.15204772,H8
0.16510834,0.1287981,H8
0.0803084,0.09709584,H8
0.11537498,0.045304317,H8
0.11212841,0.053390432,H8
0.18125467,0.07194553,H8
0.104956,0.1455583,H8
0.31604964,0.3624903,H8
0.2867896,0.33532307,H8
0.315819,0.3310523,H8
0.2950345,0.31420383,H8
0.2907917,0.31073982,H8
0.28980172,0.3046457,H8
0.31918252,0.36761457,H8
0.31477535,0.3213111,H8
0.8516743,0.77627087,H8
0.87526834,0.850393,H8
0.83996975,0.8178449,H8
0.87247384,0.7338161,H8
0.94367325,0.72990716,H8
0.92930657,0.8605267,H8
0.82111055,0.81999385,H8
0.92485154,0.7203571,H8
0.07656227,0.07195393,H8
0.07313665,0.09017672,H8
0.059311632,0.072604224,H8
0.130842,0.16562498,H8
0.028168878,0.13775182,H8
0.14987253,0.14327113,H8
0.030909203,0.044693146,H8
0.104115985,0.043082874,H8
0.82214177,0.85403657,H8
0.84036666,0.82605034,H8
0.819454,0.8200327,H8
0.8772191,0.80188984,H8
0.9857454,0.7381864,H8
0.92433715,0.87953484,H8
0.9026696,0.72411036,H8
0.9746296,0.7212873,H8
0.88748145,0.7683952,H8
0.8344517,0.79137737,H8
0.8708418,0.78038794,H8
0.81044,0.83312464,H8
0.9558496,0.87750983,H8
0.91791075,0.7456758,H8
0.90035486,0.7942737,H8
0.94990164,0.75659853,H8
0.95922613,0.8777183,H8
0.8463633,0.81393236,H8
0.9066246,0.86014694,H8
0.87383276,0.7922803,H8
0.93107855,0.73257303,H8
0.8813223,0.816124,H8
0.8735548,0.8181138,H8
0.89907336,0.7614554,H8
0.8273813,0.8398879,H8
0.98155606,0.73485255,H8
0.9312779,0.7774861,H8
0.89572144,0.8762219,H8
0.92459905,0.7303895,H8
0.8810312,0.86069983,H8
0.8734581,0.841678,H8
0.82218266,0.79419,H8
0.86722827,0.7319242,H8
0.9543765,0.7480073,H8
0.9291574,0.8656876,H8
0.8371659,0.78859484,H8
0.8844777,0.80358285,H8
0.915146,0.8294637,H8
0.97256243,0.72073203,H8
0.8638114,0.87676316,H8
0.3126332,0.32431728,H8
0.3188912,0.36621144,H8
0.30159992,0.33458045,H8
0.3036081,0.3412078,H8
0.31903473,0.36714768,H8
0.28985935,0.32861134,H8
0.31263414,0.34753975,H8
0.27308905,0.32793736,H8
0.873201,0.88390195,H8
1.0,0.7424818,H8
0.9276823,0.8609406,H8
0.954682,0.7667371,H8
0.8913973,0.8786199,H8
0.87262607,0.84770817,H8
0.95616066,0.7529959,H8
0.9074966,0.7500067,H8
0.091162935,0.13632046,H8
0.06737856,0.0115574375,H8
0.10032106,0.008815438,H8
0.15973844,0.029098842,H8
0.12674361,0.15360008,H8
0.12017808,0.12944196,H8
0.07615537,0.1636721,H8
0.07173335,0.14604333,H8
0.091735326,0.012362804,H8
0.0071851034,0.15738915,H8
0.10373745,0.1706161,H8
0.063310176,0.13299142,H8
0.080594115,0.08042213,H8
0.04249612,0.12767269,H8
0.120833375,0.020692386,H8
0.13528208,0.025695624,H8
0.082760036,0.026678512,H8
0.12202182,0.09197467,H8
0.0,0.112815924,H8
0.058489826,0.14913762,H8
0.14910103,0.13462664,H8
0.14444198,0.008110348,H8
0.075235106,0.0,H8
0.12387722,0.15224513,H8
0.15322843,0.952663,H8
0.23606661,0.9676532,H8
0.18357755,0.9424064,H8
0.18403989,0.9539402,H8
0.23606661,0.9676532,H8
0.21003607,0.98284024,H8
0.22860514,0.9541845,H8
0.17766379,0.9520735,H8
0.9960701,0.73028827,H8
0.97306556,0.844893,H8
0.90729,0.864178,H8
0.9033375,0.7545527,H8
0.83162874,0.8607648,H8
0.8367146,0.79244864,H8
0.8462289,0.856287,H8
0.9508972,0.79556674,H8
0.08221821,0.1257932,H9
0.028196195,0.03556765,H9
0.12630485,0.14483126,H9
0.103216134,0.13785976,H9
0.05257571,0.14285986,H9
0.0,0.0145306615,H9
0.06665939,0.070599854,H9
0.057631694,0.07911487,H9
0.97578895,0.56201994,H9
0.9954794,0.55650884,H9
0.9407603,0.5696491,H9
0.94844985,0.5859628,H9
0.9189684,0.5496432,H9
0.9563547,0.54977804,H9
0.9476617,0.54439074,H9
0.93919796,0.5419886,H9
0.9194032,0.55009115,H9
0.9335006,0.58756554,H9
0.9166393,0.5562951,H9
0.92708266,0.5475543,H9
0.95003,0.54539293,H9
0.9168039,0.5515528,H9
1.0,0.55981815,H9
0.951798,0.5631349,H9
0.027664324,0.025256885,H9
0.08392456,0.16562818,H9
0.0029294274,0.06778888,H9
0.054096553,0.1565639,H9
0.050349202,0.040446654,H9
0.01729505,0.03294124,H9
0.12794596,0.1283818,H9
0.124675,0.15415162,H9
0.9309946,0.5470776,H9
0.9935713,0.550127,H9
0.92914253,0.56352746,H9
0.92827535,0.57170796,H9
0.95528954,0.565613,H9
0.91918075,0.5723027,H9
0.95079,0.5380735,H9
0.9469222,0.5937042,H9
0.11323248,0.11679459,H9
0.09464594,0.17596054,H9
0.05492121,0.11597607,H9
0.017595824,0.05853651,H9
0.082199976,0.14707282,H9
0.032064375,0.053671952,H9
0.046253756,0.026775284,H9
0.0056462623,0.057434224,H9
0.050806478,0.36108866,H9
0.079891816,0.38591993,H9
0.08811838,0.37891787,H9
0.07007473,0.3775295,H9
0.056342423,0.3457978,H9
0.056023248,0.34348208,H9
0.07046273,0.3768838,H9
0.051882423,0.33653507,H9
0.10686333,0.12126706,H9
0.10097097,0.114088185,H9
0.10724518,0.09796742,H9
0.038408693,0.050118223,H9
0.06365804,0.11895024,H9
0.110566266,0.16215038,H9
0.028131079,0.029911894,H9
0.03473175,0.006348114,H9
0.06748158,0.36478588,H9
0.05899596,0.34133497,H9
0.09170751,0.3896938,H9
0.06720913,0.35194704,H9
0.09049214,0.3772033,H9
0.06477598,0.3637031,H9
0.08172906,0.38121074,H9
0.060254697,0.35137248,H9
0.64037645,0.8545428,H9
0.77108735,0.91262317,H9
0.75339556,0.875895,H9
0.7426665,0.88281226,H9
0.75826615,0.90716,H9
0.7496929,0.93175757,H9
0.6184079,0.8890466,H9
0.74552906,0.99547935,H9
0.04738907,0.051405367,H9
0.08127451,0.16283116,H9
0.08411689,0.15560023,H9
0.003794796,0.03158099,H9
0.04738907,0.051405367,H9
0.068727635,0.14862798,H9
0.1259615,0.11617459,H9
0.04589921,0.083191514,H9
0.6982806,0.8688036,H9
0.7520144,0.9770933,H9
0.6755203,0.86256486,H9
0.5977645,0.89529496,H9
0.7370632,0.8644745,H9
0.7261792,0.99563146,H9
0.7612763,0.95902854,H9
0.68586415,0.8574268,H9
0.69982725,0.8476915,H9
0.6478826,0.86052495,H9
0.7644161,0.96420366,H9
0.74577254,0.9488167,H9
0.66209203,0.8518503,H9
0.6337329,0.8626807,H9
0.7306527,0.8964878,H9
0.7331533,0.9799278,H9
0.76622444,0.9339725,H9
0.72586536,0.9046511,H9
0.71705246,0.86436737,H9
0.752713,0.96277547,H9
0.6762206,0.8938223,H9
0.6444295,0.8688672,H9
0.6086795,0.87659436,H9
0.7261545,1.0,H9
0.7113357,0.9106031,H9
0.59971774,0.890401,H9
0.74766695,0.9722402,H9
0.750062,0.9873268,H9
0.7344354,0.95241755,H9
0.70503384,0.8585986,H9
0.6256178,0.8691156,H9
0.74421275,0.90963805,H9
0.7170777,0.9762665,H9
0.69931835,0.92004865,H9
0.7057322,0.88574666,H9
0.5917696,0.9009923,H9
0.70939374,0.89191633,H9
0.7160113,0.941001,H9
0.70923305,0.9174634,H9
0.6655611,0.8909524,H9
0.07227086,0.376744,H9
0.06146902,0.36937115,H9
0.08825406,0.3650617,H9
0.09034592,0.3872065,H9
0.08574916,0.36464998,H9
0.098348625,0.36824486,H9
0.0902293,0.38694665,H9
0.05366035,0.3668275,H9
0.69230837,0.9671571,H9
0.6773238,0.8493492,H9
0.5896101,0.90604067,H9
0.7053324,0.91613156,H9
0.71723294,0.9563083,H9
0.71705914,0.9945629,H9
0.7000499,0.88518274,H9
0.74507594,0.94367284,H9
0.035159886,0.13960359,H9
0.06925083,0.15818584,H9
0.09411985,0.020254219,H9
0.08531807,0.043801766,H9
0.054746985,0.0965437,H9
0.07901049,0.16871084,H9
0.08468758,0.1411582,H9
0.0689219,0.0076633687,H9
0.08386492,0.046553854,H9
0.055104207,0.1700979,H9
0.076088496,0.0,H9
0.08251477,0.0036478832,H9
0.07351342,0.08977817,H9
0.060847905,0.18232483,H9
0.07947863,0.036172688,H9
0.10067045,0.16392863,H9
0.062059525,0.18517645,H9
0.08235736,0.009804307,H9
0.07514745,0.01671975,H9
0.12828963,0.14473964,H9
0.09621625,0.0337257,H9
0.060961474,0.06800572,H9
0.05222603,0.11586497,H9
0.058554035,0.1484035,H9
0.9672911,0.563348,H9
0.9813744,0.570281,H9
0.9629248,0.5580886,H9
0.9439728,0.587207,H9
0.94653404,0.56378585,H9
0.92484283,0.57301456,H9
0.9459889,0.59310895,H9
0.93752855,0.5947074,H9
0.69889545,0.98285,H9
0.698618,0.9952096,H9
0.63066137,0.8442378,H9
0.6817475,0.96287966,H9
0.6024549,0.88184553,H9
0.68362224,0.9519733,H9
0.6951457,0.88614416,H9
0.63745993,0.86949277,H9
