-33.88257599,-196.76335144,-96.37596130,-123.75682068,-29.16550064,5.68996239,-175.06684875,10.38421345,-33.04813004,-4.46157169,-65.30305481,-70.46227264,152.37893677,196.31091309,-111.47633362,141.85394287,-68.44189453,297.27734375,119.61202240,77.62473297,-240.12635803,148.40802002,-260.51617432,-276.06524658,239.30802917,139.88339233,11.44657612,133.99464417,-229.02874756,103.24217987,231.18389893,-76.36145782,-64.82265472,-54.49716949,165.28880310,-72.11020660,129.98925781,130.08106995,-333.00466919,-137.69380188,266.89663696,-102.48014069,92.65818024,-26.51256943,169.80938721,-152.27212524,119.43561554,-41.52120972,-156.79963684,145.15431213,-109.52518463,-101.13121033,-104.12899017,227.33581543,-30.44641304,76.39485931,33.91031265,-57.60168076,297.80743408,-219.81689453,-155.65603638,132.17774963,-187.61717224,285.64117432,101.50775909,112.35831451,-103.36478424,-469.12118530,216.84741211,164.72540283,127.41665649,71.96465302,-34.44855118,-177.22393799,-36.53340530,307.14300537,-288.17489624,-98.42462921,265.36798096,-124.05038452,-226.56834412,-282.71350098,-69.87278748,-160.30281067,-205.43823242,69.31135559,41.25497055,-81.11077881,-9.79882336,35.32712173,90.37886047,-148.24919128,39.32390976,146.20889282,201.76658630,78.70013428,24.55157852,244.56549072,-56.38392258,-207.19592285,-98.81053925,68.84311676,-255.84600830,65.58370972,37.54546738,25.25921059,-65.26530457,77.54888153,-39.17228699,-52.09081268,-155.42414856,134.70251465,-191.69313049,-273.15484619,-82.82339478,125.23514557,111.43586731,-3.17740440,12.22694969,62.85137177,200.81098938,40.18336487,139.49395752,13.99966240,102.35575867,142.22358704,246.38452148,250.61920166
54.31548309,-261.53775024,-44.79441452,-236.14915466,48.35481262,29.19053650,-158.17561340,-58.83189011,1.26591384,-1.43262422,-46.16472626,-51.95256042,171.88900757,212.97306824,-17.33944511,145.86711121,-102.88514709,417.81420898,78.98532867,133.57005310,-258.52908325,174.60746765,-362.63967896,-407.42657471,189.17134094,177.11688232,102.78635406,157.22656250,-212.46307373,157.48727417,224.91064453,-140.14369202,3.13403630,-7.63247061,191.68293762,-38.50718689,108.28263855,213.94132996,-353.94522095,-291.79565430,321.37509155,-91.25042725,236.00059509,106.11037445,196.92822266,-131.30607605,245.97584534,-151.64323425,-101.94329071,233.64598083,-278.99420166,-259.79135132,-101.06542969,175.35292053,5.28190517,89.87549591,-26.17938232,58.71426773,293.21487427,-187.16624451,-235.22454834,44.81620789,-110.77812958,239.87519836,184.41879272,117.72986603,-210.22856140,-526.01538086,225.60717773,172.65270996,80.52233887,71.67179108,-112.23218536,-170.07719421,111.20405579,264.27325439,-251.78007507,-230.35223389,237.92163086,-51.16983032,-245.48785400,-252.40327454,-252.60900879,-165.88101196,-205.85702515,44.70571136,118.43508148,-150.38929749,-12.61752319,21.78413963,15.18085003,-231.80418396,152.23226929,152.39624023,108.95841980,95.41252136,47.22994995,255.38583374,-12.53123569,-279.91656494,15.35302353,17.25286674,-245.34257507,94.32933044,65.10781860,97.58815002,-137.98506165,54.31816483,-87.94815826,-40.10932922,-205.82946777,92.68531036,-100.79468536,-264.76675415,-258.08184814,233.15945435,215.14866638,-121.89820862,-124.70816040,7.43241787,288.08157349,59.12871170,60.45644760,-9.77469349,5.60354280,287.31655884,191.88833618,187.07350159
-68.93133545,-194.39352417,-82.12666321,-187.43450928,-31.39658546,-21.61130524,-214.30108643,-25.10240364,3.27864885,-5.85761309,-121.46094513,-127.86199188,227.52838135,258.78231812,-117.07740021,93.91468811,-46.92887115,349.11804199,166.70518494,119.08983612,-244.39059448,201.07160950,-319.44033813,-331.27264404,254.93783569,169.65280151,-22.46100807,88.05233765,-218.69522095,61.15711975,211.04763794,-76.10898590,8.39437199,-49.83095551,230.62367249,-0.73931170,159.26809692,125.69252777,-375.08520508,-206.84262085,292.13034058,-97.30735779,107.25395966,7.03083801,222.76007080,-142.06929016,158.60877991,4.41025066,-158.34223938,152.71685791,-138.53713989,-101.36406708,-157.65588379,246.24504089,-111.58370972,118.36539459,-35.69322205,-18.04697609,288.14257812,-226.42149353,-236.07852173,100.74462128,-184.05613708,287.99932861,138.01268005,108.26703644,-83.57242584,-479.29501343,172.71655273,165.06829834,165.67555237,104.15728760,-60.22870636,-187.82032776,11.76512146,325.49075317,-235.37199402,-87.34700775,274.64096069,-175.63198853,-291.24581909,-308.27011108,-129.26928711,-197.12545776,-236.48852539,40.31722641,52.54291534,-54.90093231,-63.85834503,16.25899315,22.46087456,-164.32875061,38.06625748,204.45690918,181.64436340,153.62919617,8.48867416,227.98890686,-81.66674042,-274.61318970,-90.63964844,80.62022400,-301.43859863,83.43183136,43.69974518,-26.73976707,-71.65307617,132.86221313,-50.79381561,-141.15393066,-227.28802490,137.20008850,-182.61721802,-255.54940796,-131.87763977,142.63496399,154.05014038,32.97675323,24.71346474,32.72750473,249.84886169,132.85963440,116.50652313,-44.42926407,98.84149933,147.65534973,260.23837280,268.34722900
63.01661682,-224.89062500,-100.52817535,-122.37060547,68.60840607,-21.35281754,-83.49188995,118.60536957,-90.65983582,-125.47259521,39.37898254,-5.12130976,73.37943268,124.60607147,-66.36627197,112.81146240,-31.08308220,371.28460693,18.36630440,149.28002930,-283.99725342,174.27857971,-308.63064575,-360.58267212,208.71968079,92.32234955,137.97587585,135.52194214,-258.30181885,234.36158752,202.56906128,-71.95584869,-101.52911377,-65.94068146,84.84976196,-129.89021301,39.43435669,211.60719299,-297.27047729,-154.39620972,299.23822021,-184.03395081,155.87565613,6.47299194,182.10591125,-153.83744812,199.17982483,-191.09239197,-137.57769775,116.08342743,-213.63880920,-206.22204590,-90.22539520,177.18298340,121.74132538,-3.40696692,84.17171478,-52.17230606,296.56842041,-225.49571228,-89.73198700,130.79898071,-147.72566223,273.41674805,6.75551558,220.60585022,-250.72122192,-443.55590820,233.66430664,184.78199768,24.46149445,72.19161224,-52.24117279,-254.65475464,17.73421478,273.06588745,-245.31900024,-241.49926758,239.58789062,11.77959919,-147.54747009,-254.99513245,-140.10897827,-111.34947205,-154.11503601,58.81620026,35.86977005,-215.48100281,30.64318466,100.59579468,152.24829102,-104.82176971,161.53840637,58.19208145,162.84713745,-15.07055855,-24.56719208,277.67504883,-41.71730423,-203.64439392,-44.96250153,93.45532227,-194.82785034,124.03777313,16.30514336,176.07321167,-29.31009102,35.53945541,-47.98131561,54.03932571,-95.75392914,152.24893188,-146.68397522,-309.52014160,-160.89967346,238.10319519,65.04010773,-118.00793457,-98.21005249,120.67617035,223.66444397,-59.63737106,95.95066071,79.21575165,68.54727173,285.29574585,206.84750366,178.16665649
71.60979462,-314.00030518,-61.54431534,-201.08468628,45.04543304,64.98001099,-162.34107971,19.07057953,-48.99144363,-27.32564163,-54.82140350,-23.87444878,126.27600861,205.51095581,-67.24330902,243.80358887,-148.36602783,446.51806641,57.76292801,103.96712494,-352.70092773,177.06861877,-410.87591553,-401.32708740,268.95425415,162.46664429,127.45213318,256.62142944,-287.56347656,221.04460144,329.10067749,-169.37840271,-88.41210175,-21.90556145,180.35334778,-126.87700653,124.98665619,245.06539917,-423.87219238,-253.34342957,364.49432373,-143.30758667,247.13304138,61.06742859,217.24327087,-202.69067383,222.82868958,-201.96284485,-156.54927063,258.03170776,-255.31837463,-267.67590332,-81.53352356,252.20599365,53.81256485,76.88516998,66.30068970,-55.42984772,400.20953369,-278.87741089,-168.04104614,140.99525452,-194.19598389,331.72216797,120.39440155,171.97633362,-270.58963013,-632.31634521,375.85299683,232.74102783,86.08796692,21.42845726,-124.54093170,-253.24940491,19.40307808,363.19042969,-374.60455322,-242.03862000,312.01910400,-56.45072937,-242.52995300,-355.06600952,-185.33787537,-192.95954895,-219.28804016,58.93061066,133.95153809,-181.15861511,59.92147827,15.53748131,122.39985657,-270.25262451,138.72804260,118.11575317,208.65048218,28.86486435,76.22016144,369.64782715,-24.39334488,-297.02600098,-21.21784401,51.58308029,-280.19671631,88.39843750,124.68216705,166.14350891,-147.27839661,28.17359924,-118.63309479,42.52231598,-182.98150635,128.51098633,-192.97450256,-356.35946655,-206.77433777,248.49177551,203.27735901,-133.88395691,-117.23633575,73.50289154,313.17523193,-40.79169846,161.61602783,59.04592514,64.97841644,320.50350952,276.17639160,275.95220947
-31.15997124,-208.88398743,-92.32009125,-122.37329102,-5.58801126,-15.60629082,-156.13880920,70.03116608,-40.15809631,-61.82229233,-75.45921326,-76.90885925,141.13815308,191.09834290,-125.06347656,128.57885742,-39.97208405,305.93954468,100.02830505,101.56912994,-271.47601318,178.37715149,-284.66375732,-283.13809204,259.67694092,103.85129547,14.77171516,116.50066376,-234.88388062,114.42926025,229.90892029,-61.59105682,-64.17752075,-65.01116943,158.62651062,-76.74194336,118.53144073,126.41574860,-336.67147827,-130.95545959,264.21905518,-136.92666626,90.11672974,-30.69543648,197.42344666,-152.18881226,126.06649017,-53.43851471,-167.37202454,109.93518066,-117.41368866,-106.19886017,-116.10045624,234.12867737,-21.45284843,60.44985580,48.94461823,-96.33226013,296.00558472,-241.23924255,-118.20629120,145.03630066,-196.68988037,291.64138794,34.30837250,160.79252625,-134.87373352,-449.54483032,220.06860352,176.07485962,117.83538818,59.75260162,-45.16436005,-220.52340698,-44.01175308,317.70523071,-267.87435913,-108.57328796,264.84344482,-115.00708008,-216.03779602,-302.85067749,-68.43778229,-151.12829590,-185.16401672,43.71659088,30.78277397,-91.81592560,-6.99153996,38.08231354,112.81662750,-121.32827759,56.59267807,125.00626373,204.16857910,68.14052582,-1.61504734,265.88763428,-86.36456299,-222.24452209,-99.55252838,101.83222961,-260.99212646,80.38255310,50.60069656,45.48573685,-36.13867188,92.15411377,-54.44459152,-41.29610825,-151.11785889,152.07688904,-202.11268616,-275.16052246,-84.37619781,140.69369507,80.30081177,-0.87408829,4.20190763,94.57212067,219.11068726,26.05696106,160.17208862,16.28095818,119.16122437,168.86798096,258.20401001,254.50466919
118.10232544,-326.18374634,-76.47660828,-164.03889465,92.12001038,11.94562626,-71.42988586,161.82420349,-92.54444122,-160.80220032,38.68254471,22.01316071,47.35639954,127.81250763,-52.46579742,202.40887451,-85.28128815,461.16418457,-32.84981918,161.23124695,-381.40124512,204.81465149,-415.34170532,-433.65295410,246.82330322,79.94411469,203.50146484,222.17164612,-299.15390015,316.45013428,302.15954590,-119.56174469,-140.85220337,-58.41453934,96.56850433,-184.31808472,38.50894547,274.82214355,-369.59808350,-209.45140076,353.39620972,-224.33868408,239.00497437,56.52106857,224.68589783,-186.10064697,284.02331543,-302.15420532,-150.99676514,175.41009521,-309.50051880,-297.87145996,-80.33316803,212.43634033,174.97070312,-9.58482170,131.51597595,-92.23104858,389.84692383,-287.24264526,-71.13861847,147.79611206,-172.45529175,323.17843628,-12.68723679,282.53027344,-375.44262695,-560.01696777,358.66235352,254.00198364,-1.19957423,27.50963211,-121.03048706,-327.04318237,39.68962097,328.81509399,-341.27374268,-314.96826172,279.44381714,54.87872314,-156.73600769,-328.37982178,-200.97329712,-131.44232178,-156.19143677,46.62780380,84.52715302,-266.67852783,74.14011383,77.64307404,203.50323486,-186.46887207,238.51449585,27.90192604,199.99716187,-61.31988525,2.23599052,381.42779541,-32.22302628,-274.68075562,-14.83754444,102.05500031,-219.20605469,141.87669373,87.07288361,275.92816162,-69.46176147,13.17764473,-110.90753937,123.20613861,-107.84480286,156.45394897,-169.46766663,-369.33367920,-235.63894653,310.35897827,103.68141174,-194.78942871,-172.50538635,143.82098389,317.88031006,-124.60356140,141.44432068,101.26703644,66.21741486,411.48660278,247.62097168,217.85189819
-63.34871292,-222.95280457,-103.42594910,-193.15025330,-27.03767395,-2.70345736,-224.72497559,-56.44626236,-6.16146374,18.24386787,-115.66508484,-116.57950592,242.58120728,275.17272949,-112.60153198,125.73712921,-72.81121063,397.41915894,180.20457458,129.54267883,-274.34963989,204.54309082,-351.20599365,-360.82858276,265.01602173,201.46563721,-10.43951225,121.20085144,-247.33088684,85.99716187,243.01818848,-89.10633850,-7.71799517,-56.82700348,243.00056458,-22.84352112,166.23924255,162.23710632,-401.78839111,-230.91340637,329.82540894,-103.63448334,133.17971802,7.06659222,226.55432129,-162.06030273,160.37055969,-21.19604874,-171.75552368,186.79627991,-159.79689026,-128.66709900,-163.49537659,259.09161377,-93.37907410,120.94640350,-26.33754539,-3.26197982,328.98565674,-247.81579590,-271.07406616,115.91190338,-193.52363586,317.73486328,177.39958191,94.06192780,-109.12168121,-543.53277588,208.14282227,195.08959961,171.88973999,116.21148682,-48.17903137,-188.46870422,13.63346481,344.10610962,-269.44076538,-118.62615204,298.02426147,-180.46299744,-314.98699951,-323.77221680,-142.03305054,-218.07687378,-268.02627563,70.06706238,64.05084229,-80.08616638,-72.50861359,30.76876068,28.73526001,-193.67250061,37.26119995,216.08836365,199.31111145,152.59803772,24.65650177,265.91055298,-63.67222977,-280.66439819,-95.27163696,74.28561401,-316.33886719,92.75420380,35.95536804,-7.87661982,-92.08428192,123.33045959,-40.09109497,-132.25682068,-237.83428955,147.20620728,-196.73678589,-282.18566895,-152.71640015,179.00457764,182.81138611,8.99070549,15.43510246,37.20736694,255.32640076,123.75532532,117.99656677,-42.90679550,92.51660919,171.79231262,275.85894775,287.02569580
-4.56779766,-128.35321045,-22.13368416,-117.42301941,35.22760391,91.40690613,-180.13029480,-25.27039909,-30.78075790,50.91729736,-90.59545135,-74.71360779,114.41463470,174.34727478,-61.97370911,156.23468018,-135.13821411,139.90246582,110.48263550,-26.44762039,-119.98638916,82.99465942,-165.09434509,-155.27391052,177.95841980,141.87783813,-1.85268605,158.96708679,-178.15177917,-26.93869400,142.35372925,-119.45879364,-16.67076302,47.74526215,180.65187073,-19.13352394,176.52325439,78.40430450,-268.26138306,-121.50140381,198.46104431,23.01664162,112.78060913,-12.42458725,120.26908875,-161.47866821,36.31893921,-14.65878582,-112.56836700,159.11213684,-56.35091019,-113.52352142,-36.04598999,176.58728027,-52.92691422,133.90017700,-19.58168030,-71.07259369,142.46803284,-112.82489777,-97.46221924,111.97551727,-152.72592163,183.44822693,76.06696320,47.41068268,-24.12295723,-319.97158813,206.94293213,37.25134277,135.20668030,-43.50942993,-59.15436172,-39.43889999,-54.64323425,223.43647766,-209.85023499,-60.65984726,223.25065613,-106.03874207,-188.39376831,-189.09375000,-37.33604431,-150.61756897,-179.71659851,29.20818710,116.69394684,-20.70232964,44.83705902,-55.70138931,8.11600018,-192.65353394,13.25376320,143.29206848,117.60200500,114.11582184,99.81821442,145.12464905,-55.01649857,-151.51731873,-28.15012550,15.86895847,-217.63085938,-61.58348846,80.84236145,-40.89106369,-125.84210205,22.99844933,-40.39375687,-12.34457970,-162.97959900,51.68461227,-149.01426697,-203.78739929,-31.69094849,11.66730309,147.55447388,-15.40122318,-26.01093102,-18.59654808,119.93880463,35.98989868,166.71345520,26.55704308,63.01325607,47.51937866,179.03634644,190.89476013
23.21240616,-243.24075317,-39.09078217,-200.54861450,27.29701996,101.01743317,-214.55586243,-70.04801178,-18.60470772,59.19236755,-114.74896240,-73.76288605,175.87828064,240.41754150,-66.97591400,227.50045776,-167.46218872,331.13934326,129.98014832,33.19683838,-250.84988403,136.92283630,-323.66323853,-293.76046753,241.27966309,191.67428589,43.00590515,225.34237671,-236.89427185,85.44705200,267.97366333,-170.99398804,-17.94017410,22.58761787,228.88635254,-42.52439117,188.21792603,168.61694336,-385.77697754,-239.13053894,305.97735596,-40.79592896,207.70039368,44.08949280,191.77430725,-190.60894775,124.75326538,-86.78279114,-148.11590576,250.56088257,-163.51722717,-202.22306824,-77.54208374,242.16394043,-43.66784286,145.99571228,-10.38608456,-40.57216263,293.87823486,-211.62866211,-199.70106506,124.44752502,-189.50204468,270.36141968,159.83335876,74.27962494,-127.24047089,-536.94531250,308.79275513,147.48898315,152.37989807,8.11994171,-104.43406677,-135.59350586,-14.34610939,320.95611572,-317.98410034,-142.98474121,290.08145142,-127.92794037,-274.80187988,-304.05752563,-136.11428833,-212.88150024,-238.77128601,40.02591324,153.98248291,-85.30580902,42.81726456,-31.31740379,24.80682755,-277.93353271,48.24944305,179.05024719,166.25389099,115.17825317,121.80052948,272.20516968,-42.98025131,-261.78683472,-15.70470142,19.76593018,-286.22171021,4.69033480,121.35271454,34.24162674,-175.51715088,36.49850845,-99.25794220,-22.75789833,-224.17510986,93.48739624,-184.64625549,-280.07144165,-136.66302490,127.29008484,235.66441345,-66.33419800,-64.43131256,-0.24154949,253.26577759,40.76134491,161.56420898,12.65639114,59.58085251,175.85643005,250.33187866,269.66964722
4.04500580,-195.23550415,-48.06991577,-134.93518066,8.59271145,93.85511780,-185.49316406,-46.18815231,-34.99606705,63.62631989,-102.25460815,-64.05187225,138.17636108,194.03073120,-75.14941406,200.05235291,-141.16850281,237.69769287,114.42769623,6.75823689,-201.00651550,100.78930664,-236.11878967,-206.07034302,212.97961426,156.70776367,15.17622852,194.60108948,-208.02246094,52.04382324,227.20164490,-131.11497498,-33.18522644,10.76128483,182.89048767,-44.78406906,162.34762573,122.92172241,-313.15747070,-156.67625427,239.10798645,-29.12345695,143.76142883,-6.10695171,147.62327576,-161.31134033,54.80801010,-43.57291412,-132.60040283,194.43336487,-86.32329559,-135.09458923,-55.98812103,209.34739685,-41.86948395,118.46205139,6.35796452,-72.56178284,239.08511353,-180.36819458,-141.13995361,132.83422852,-175.17489624,235.84394836,118.51218414,52.27103043,-72.97538757,-431.86312866,263.37207031,113.52563477,136.34226990,-1.79236650,-60.71086884,-98.86554718,-56.24808121,276.82437134,-277.66589355,-89.84458160,249.65570068,-122.57099152,-217.73069763,-253.63732910,-59.77479172,-173.20471191,-200.92192078,43.90120697,111.98237610,-57.62655258,41.98894882,-21.63382149,38.98124313,-215.10769653,3.13655257,144.13618469,162.92610168,94.91439056,106.46102905,227.74475098,-51.05716324,-192.29980469,-39.23125076,20.85269547,-242.87306213,-8.63125038,95.11727142,6.76689625,-136.88534546,29.15294266,-62.14283371,-12.53838348,-171.68272400,82.53500366,-176.56065369,-237.40983582,-58.07658768,74.29327393,172.25289917,-30.20171738,-22.38993073,11.62769127,173.34698486,23.96766281,168.10385132,17.58884621,70.74444580,102.08013153,218.04443359,242.34341431
-0.86961550,-140.27928162,-42.69122314,-162.95960999,43.17445755,23.57413483,-176.55206299,3.79757333,-33.62287140,-4.09454775,-71.40987396,-94.67792511,146.44403076,205.70448303,-73.94671631,107.78340149,-79.66543579,285.64392090,112.68244171,62.06454468,-156.98606873,138.41160583,-246.38621521,-290.19177246,206.90711975,152.63908386,31.55937958,119.00194550,-209.78939819,47.78470612,132.80009460,-105.53881073,-0.71659356,15.84019375,194.08628845,-12.01737881,153.37736511,125.74987030,-315.46276855,-181.17909241,256.18881226,-38.45467758,136.50495911,15.28970051,167.03164673,-151.97644043,125.22792053,-48.63611221,-120.68217468,157.90382385,-126.16671753,-155.11491394,-84.34069824,197.19436646,-36.00695038,115.47513580,-36.70721436,-24.00130653,183.76831055,-148.83387756,-158.31727600,98.84518433,-150.67221069,221.38319397,94.48920441,108.72010803,-81.37671661,-380.78100586,185.78926086,67.63629913,126.94596863,23.64177513,-77.34299469,-111.32743073,10.65004730,265.45196533,-195.52508545,-128.47225952,236.56541443,-98.78965759,-221.67060852,-232.01188660,-115.97618866,-162.37535095,-192.08428955,25.12374306,97.76002502,-80.22785950,5.37942791,-10.49876595,7.51011992,-169.84346008,57.19402313,158.68209839,113.74381256,126.09654999,37.05725861,162.57965088,-68.69295502,-218.10160828,-29.14801598,38.73068619,-245.48039246,14.60615349,57.45349121,-2.19272518,-98.02572632,64.90718842,-45.73215485,-47.01718903,-187.76895142,88.09510040,-139.97897339,-241.80210876,-107.16711426,101.52745819,147.81175232,-33.12080002,-47.57890320,-2.67877340,172.93949890,67.90409851,132.31513977,17.64006615,68.73925018,122.85728455,202.24691772,190.07061768
-8.08914661,-73.30884552,1.96885955,-136.36291504,38.90486145,-1.29808474,-146.48617554,24.85551643,2.32645202,-10.43249226,-61.61085892,-114.51124573,112.28590393,167.84254456,-62.95693588,34.46776962,-39.30205917,158.33033752,79.03324127,22.46170807,-61.24596786,93.01898956,-148.44044495,-213.19206238,155.48074341,90.91550446,9.55570889,38.46970367,-125.23413849,-31.81727600,41.26173782,-73.02043152,42.18557358,39.37749481,170.58839417,30.84937477,136.34155273,47.87676620,-225.84747314,-125.67752075,166.04504395,12.50415802,84.74217224,33.42686844,117.61052704,-91.74205017,127.38603210,-7.31497288,-65.36275482,93.26010895,-102.68253326,-106.13694763,-49.93722916,137.10092163,-63.20902252,104.74695587,-61.93029404,-15.71813107,74.89787292,-63.18791199,-84.26042938,26.69152641,-97.64231110,128.93136597,56.10086441,99.13581848,-21.21395874,-230.71096802,76.35045624,-9.33008671,105.86139679,-16.02939034,-84.64871216,-40.39440536,37.12953186,181.55351257,-100.71667480,-77.33856201,159.39375305,-75.69012451,-166.38308716,-144.87712097,-106.56253815,-86.79704285,-114.42729187,-12.29086304,71.55514526,-27.41825485,7.82182693,-45.16348648,-28.75678444,-105.37628937,77.20157623,131.30561829,48.12652206,142.32620239,14.74976730,62.65524292,-85.90702820,-168.22505188,-13.09648132,16.46663857,-200.35112000,-21.82753563,50.59808350,-51.25128555,-65.87934875,78.76155853,-44.46124649,-72.14820099,-153.02847290,39.63537598,-79.48232269,-156.85888672,-89.31943512,24.40851212,89.70256042,-2.85681129,-38.24719238,-34.36516953,129.17407227,97.62739563,107.87326813,2.72327280,59.88698959,77.55535126,135.55503845,106.30515289
62.11915970,-120.65761566,-2.02280211,-145.54933167,99.21652985,95.76470184,-145.53346252,-6.38818359,-49.76427460,16.94513702,-44.88552094,-49.18170547,86.58143616,145.33119202,-27.80704308,128.74778748,-134.51876831,166.23001099,69.91907501,-14.74864388,-100.80042267,65.61344147,-165.35801697,-211.00981140,147.65025330,138.00982666,75.25455475,152.21836853,-178.73760986,18.96093178,101.91876984,-143.63107300,1.07904410,71.91616821,155.37777710,-16.46550369,139.60771179,123.61821747,-255.01525879,-161.81439209,217.45610046,17.31805801,171.11070251,34.24610901,115.20635223,-160.56723022,107.02887726,-91.15962219,-83.35499573,172.69680786,-127.76521301,-178.84951782,-13.73798561,151.80874634,4.28101158,112.51568604,-26.70585632,-28.39772606,111.51160431,-85.91173553,-96.29293823,71.40275574,-124.43736267,146.66894531,67.50641632,73.30823517,-84.56221008,-272.25836182,194.75451660,16.26060677,92.05139160,-35.90604782,-88.98445129,-44.57591248,5.06078529,200.67776489,-153.53852844,-140.92909241,207.53295898,-47.69608307,-162.32316589,-168.52560425,-112.12738037,-130.22311401,-162.31575012,8.12882233,145.28359985,-84.55277252,88.18030548,-37.27829742,-3.47015715,-191.71153259,90.23613739,110.93278503,62.66695786,87.09425354,102.58460236,123.77432251,-34.94611359,-157.02539062,24.57641792,-5.98368073,-189.87651062,-52.05607224,68.48264313,20.60737610,-138.71772766,-9.01054287,-44.67919922,14.28328514,-147.36235046,43.79546356,-114.81996918,-212.58460999,-92.18662262,55.01298523,159.02037048,-81.66139984,-96.14807129,-30.95403099,149.86231995,15.14791775,113.54380035,68.46778870,34.95873642,120.65000916,154.77088928,137.85112000
6.20974541,-162.66262817,-33.03399277,-164.38563538,24.54969025,52.53208160,-180.44371033,-49.28829575,-10.75680256,33.86894989,-81.28916168,-74.63323212,156.92356873,201.41011047,-57.69012833,122.98975372,-104.58296967,274.82171631,119.18220520,49.41670609,-172.70735168,123.60754395,-250.69189453,-273.82168579,185.66995239,160.59765625,37.97523880,135.55824280,-188.70881653,68.83986664,166.58898926,-116.47460938,4.09922934,18.42159462,196.54206848,-13.21008778,152.23500061,144.37322998,-320.45840454,-189.89613342,255.24772644,-27.54264450,153.70738220,37.01316833,154.56008911,-142.58377075,138.32333374,-60.35397720,-110.28282928,184.31425476,-143.45266724,-152.29508972,-82.23396301,194.58572388,-44.68007660,121.96967316,-29.87541580,-3.65053296,208.36126709,-151.97937012,-169.19186401,63.08222198,-146.70292664,209.45999146,126.16918182,63.78513336,-88.29246521,-383.31878662,193.44248962,100.00721741,126.94306183,25.83600807,-76.90451050,-102.01556396,21.80020905,258.58761597,-197.69758606,-130.40402222,235.82321167,-108.47531891,-230.96342468,-234.19575500,-135.79685974,-148.69694519,-198.03221130,32.71894455,103.93947601,-79.15845490,8.22276402,-18.34004402,6.15851355,-200.02896118,68.46666718,158.47673035,113.11190033,118.62471771,69.55670929,181.39805603,-38.00352097,-204.08772278,-25.47442818,25.45234680,-241.20896912,14.20977211,64.54538727,13.05566502,-122.40896606,43.65591812,-50.83672714,-59.81814957,-187.94021606,78.97208405,-140.73236084,-225.41108704,-124.30785370,113.78104401,175.44929504,-44.40849304,-42.47895432,-6.16117954,199.45271301,71.65353394,102.88017273,5.28458071,50.89293671,144.38223267,204.44897461,196.69917297
84.12879944,-145.15875244,4.86681890,-138.68807983,69.93032837,154.85583496,-156.91004944,-40.69997406,-69.16770935,83.63256836,-64.40379333,-21.62468338,62.64465714,136.78588867,-17.72568893,209.53396606,-196.82873535,161.26179504,59.72919846,-73.80310059,-123.81298065,31.47622871,-160.11227417,-167.19853210,156.57481384,156.00079346,81.70313263,242.45091248,-197.70370483,39.25125504,166.17842102,-179.62377930,-33.63822174,85.74047852,150.52699280,-48.26242065,161.94122314,133.37487793,-266.42831421,-153.89949036,212.57075500,35.58649063,188.36019897,22.40067291,96.26280212,-183.59936523,36.62875366,-97.72500610,-92.40435791,227.10093689,-87.31077576,-189.47384644,24.62026787,160.60327148,14.18987846,126.52539825,3.50741124,-56.28046417,157.91546631,-104.17683411,-92.11017609,119.13018036,-143.28958130,165.52920532,102.32056427,37.51400757,-69.58224487,-341.54550171,293.55538940,36.61205292,96.94860077,-71.63162994,-96.97985077,-33.42274094,-54.17670822,216.95735168,-247.52436829,-124.41242981,220.75761414,-47.01855087,-152.93801880,-185.81883240,-69.44561768,-151.72814941,-168.78259277,24.59057236,174.80357361,-81.85961151,127.96406555,-64.39602661,20.12662125,-251.76371765,28.29932594,106.28162384,97.09271240,60.08061981,162.81517029,164.78282166,-20.65145683,-151.58491516,35.75091553,-31.65830803,-187.42852783,-84.61482239,118.99717712,32.65090179,-186.59036255,-50.90762711,-70.08891296,65.58236694,-142.37980652,23.65704727,-137.26985168,-233.11926270,-38.94763947,19.70758438,190.86077881,-98.68112946,-100.40845490,-33.83838654,130.66339111,-31.10190392,162.40312195,88.48170471,29.78698730,87.83458710,160.51599121,168.99101257
10.66413784,-232.94940186,-24.76753044,-192.34832764,27.69756317,101.77195740,-222.42430115,-21.79382133,-17.89840889,43.58408737,-140.01278687,-71.49325562,158.39581299,243.76254272,-106.68862915,264.69992065,-195.70983887,303.57699585,127.57202911,6.22093296,-255.32328796,129.63760376,-309.29318237,-281.50918579,287.62008667,184.25764465,30.46440506,262.46853638,-250.55722046,71.16533661,289.93740845,-190.00927734,-50.59284973,37.04154968,237.48069763,-64.11819458,210.64314270,151.15896606,-428.27719116,-212.01400757,310.03042603,-39.48361969,177.80485535,24.22193527,188.48063660,-237.59533691,139.96772766,-79.75887299,-174.18740845,263.80755615,-147.73777771,-177.72117615,-63.55208588,288.38442993,-70.01361084,161.92211914,16.59967995,-87.04704285,314.19021606,-223.49943542,-167.73077393,144.83148193,-235.10548401,296.49014282,131.83935547,104.61620331,-133.43063354,-541.75732422,357.30453491,139.31695557,171.50082397,-24.28944206,-127.62799835,-156.06452942,-51.19290161,368.24920654,-366.18002319,-114.33859253,325.00131226,-152.86564636,-286.60873413,-352.73550415,-91.97347260,-230.93516541,-240.13757324,27.89126778,164.20335388,-57.77790070,80.02165985,-71.31806946,68.82267761,-298.52798462,41.91078568,173.90748596,201.47448730,92.14038849,132.88432312,275.48895264,-40.12690353,-277.94070435,-52.91741943,31.03484726,-308.71154785,-17.64815712,154.31875610,31.48838997,-178.63035583,32.22406769,-122.58339691,-1.70603335,-228.15303040,104.75594330,-234.69735718,-320.81195068,-112.90267944,106.70555878,220.43862915,-43.58328629,-44.65082550,8.74889660,268.75390625,7.99551535,217.16328430,66.72447205,104.74781036,182.56805420,302.67047119,300.03030396
-16.60334396,-290.43075562,-109.07458496,-214.67248535,20.48020172,30.90598869,-275.19433594,33.77801895,-61.66657257,-38.80360031,-120.37755585,-93.15911865,245.12004089,316.35131836,-161.34233093,244.83981323,-130.38008118,502.39328003,193.90812683,130.43093872,-387.39971924,249.09739685,-444.78359985,-439.99676514,377.97033691,234.00410461,58.87260056,240.20239258,-378.57974243,192.13482666,364.43640137,-153.54244995,-85.50096893,-56.02030945,277.86642456,-109.63685608,219.88012695,250.82398987,-558.99932861,-249.10995483,454.01788330,-165.03103638,194.31175232,-9.29470348,296.47161865,-309.94583130,209.78413391,-134.00085449,-277.86276245,255.17556763,-204.28031921,-206.13180542,-182.22196960,389.34808350,-13.90373325,150.07929993,50.72220993,-94.80207825,457.68731689,-360.65164185,-249.00457764,227.70918274,-324.88580322,443.01351929,113.86862946,194.56872559,-212.98091125,-697.39038086,392.87680054,260.63983154,206.49053955,69.98410034,-111.00871277,-304.20565796,-55.22822571,501.19534302,-415.85403442,-199.25102234,445.68020630,-171.64799500,-381.57882690,-480.50625610,-137.84587097,-300.73190308,-342.99401855,62.80494308,117.98271179,-155.83140564,7.18291378,22.18035507,138.50683594,-277.04986572,79.91114044,232.53332520,296.44967651,101.89366913,59.16949844,395.21078491,-76.98467255,-359.51760864,-118.96878052,132.89192200,-397.12261963,89.19902039,109.93341827,99.74184418,-129.27658081,83.86629486,-104.17872620,-42.08464432,-275.90905762,236.36267090,-325.26773071,-449.00338745,-165.11027527,244.78762817,217.84800720,-56.93902588,-33.14884949,99.08937836,344.87088013,30.08810997,212.31784058,52.36605453,160.01472473,269.85049438,418.99560547,395.06921387
46.02387238,-258.11059570,42.19667816,-238.77020264,85.03381348,77.03233337,-219.66149902,63.95001984,3.24869347,-38.89429855,-148.84991455,-82.80520630,154.80798340,265.01989746,-100.79712677,266.29464722,-183.34559631,369.32958984,101.94006348,40.46540070,-300.91149902,191.93920898,-409.39678955,-361.84405518,321.82257080,148.64241028,78.69833374,259.91610718,-257.57104492,83.47335052,294.74755859,-207.41473389,-35.68720627,65.85500336,269.83630371,-71.67690277,224.59219360,176.76187134,-495.78738403,-253.45903015,349.96911621,-70.86856079,231.14404297,87.72800446,239.94668579,-255.15805054,234.43699646,-152.68431091,-179.84156799,269.97018433,-237.45814514,-249.46000671,-78.56481934,312.78784180,-44.17984390,169.16838074,21.45672607,-108.29389954,318.50051880,-248.36083984,-125.28578949,124.17314911,-243.81092834,301.53198242,57.80033112,202.59535217,-222.65200806,-556.25061035,385.42431641,148.49972534,157.09489441,-105.25532532,-217.83886719,-223.26074219,3.19595790,406.16964722,-355.37219238,-187.72163391,348.30395508,-117.90615845,-305.75695801,-399.05310059,-165.14154053,-219.59855652,-222.07780457,-29.31219292,192.90444946,-83.38986206,101.82459259,-135.54010010,89.13513947,-320.03744507,136.98153687,160.02038574,176.66833496,94.19612885,105.75666046,315.67080688,-67.68219757,-354.48440552,-9.64739704,64.62167358,-344.32336426,-12.07980537,238.86930847,88.43386078,-179.46304321,51.75374222,-197.22961426,26.78558540,-256.71777344,108.10816193,-231.13603210,-351.66119385,-204.66618347,149.49168396,219.41644287,-86.49364471,-110.20054626,33.54433441,340.35610962,-14.69153881,252.78617859,79.38784027,106.66619110,280.70162964,327.09268188,287.53552246
58.90934372,-244.13098145,-3.63062572,-156.70452881,47.69314194,78.18058777,-151.60769653,70.37421417,-27.33917046,-29.07607651,-83.96057129,-33.18838882,72.91136932,170.90600586,-78.59272766,253.37438965,-158.76649475,271.13598633,39.66773987,10.77508163,-267.25051880,121.61862183,-298.29257202,-262.27597046,257.40774536,105.18508148,78.12946320,244.39639282,-225.27662659,103.94915771,278.90130615,-170.40383911,-85.86888885,35.46042633,167.40763855,-106.37892151,150.01684570,138.37750244,-368.38604736,-167.52784729,266.54641724,-78.00531769,181.06141663,39.98629761,172.13879395,-198.31997681,161.62095642,-142.07926941,-136.98986816,213.42034912,-171.55068970,-198.91685486,-22.75698280,238.08399963,6.63566923,96.21804810,68.17839813,-130.72981262,300.99566650,-215.94415283,-57.55700684,127.55046844,-198.40141296,265.15353394,42.07345963,167.01792908,-190.26925659,-502.71194458,349.93142700,138.84184265,96.06267548,-74.06130219,-141.13755798,-195.32608032,-37.18691635,326.51879883,-353.93533325,-140.05529785,279.10806274,-63.60691452,-196.95466614,-317.27459717,-94.34133148,-152.86576843,-165.17964172,7.40210438,142.39509583,-83.46867371,122.10339355,-61.35266495,123.94495392,-247.28749084,112.12582397,88.42829895,181.89294434,29.55133247,97.03283691,289.81674194,-46.88871384,-246.93704224,-21.37695885,38.80152893,-255.19647217,-3.57048059,174.97686768,94.18309021,-139.25622559,15.12158108,-143.09056091,75.04705048,-155.83378601,84.57715607,-195.20896912,-303.39224243,-116.87750244,113.58842468,148.82666016,-81.06562805,-93.11952209,49.18157578,268.06289673,-68.02164459,234.02299500,94.84455109,87.88015747,226.51223755,256.34906006,248.90788269
35.04094315,-208.94343567,-4.09682894,-140.52615356,26.56518364,144.94538879,-206.13002014,21.47333527,-49.86501694,58.15181732,-146.59634399,-46.31074142,85.61293030,192.84428406,-102.16258240,305.49154663,-227.65142822,204.53129578,93.32920074,-79.52224731,-232.22247314,76.07940674,-242.22418213,-185.72451782,280.49310303,150.66613770,31.31829643,306.72695923,-248.38040161,38.46162033,291.52603149,-201.46569824,-93.13561249,65.07373810,204.49533081,-92.93659210,222.64552307,117.98140717,-394.71530151,-139.15849304,257.84747314,-10.34449196,158.76823425,-12.30485153,151.16522217,-247.64385986,51.91994095,-78.59528351,-164.46984863,251.96270752,-71.29154968,-156.32574463,1.55206311,276.99740601,-48.21020889,158.43362427,58.66228104,-167.47659302,286.72106934,-210.72946167,-72.72753143,182.62928772,-244.73506165,277.91387939,74.46007538,97.78049469,-101.39281464,-493.30236816,411.86755371,105.15664673,157.80026245,-106.57608795,-122.15966034,-133.42442322,-127.37193298,354.29412842,-395.93243408,-78.08031464,315.05404663,-132.37339783,-224.47358704,-335.08441162,-6.41586304,-205.98139954,-209.03746033,19.94280052,175.90783691,-34.13216400,146.78898621,-107.67949677,107.19236755,-300.58605957,4.86091137,128.72169495,212.92056274,58.69674301,169.49470520,272.92788696,-50.77095413,-224.67016602,-43.15422821,16.69505692,-282.02633667,-83.65774536,195.04603577,25.49561501,-185.10636902,-10.19419575,-124.48465729,68.57758331,-183.63623047,70.62118530,-249.64291382,-316.46350098,-13.05110836,18.39499474,184.06788635,-43.45239258,-44.40626144,18.18009186,212.04225159,-58.31493759,291.77832031,112.98788452,113.34497070,115.13858795,286.19961548,298.29513550
96.36325073,-109.17535400,94.60041046,-136.73443604,98.28173828,191.67190552,-140.70838928,-6.55736876,-31.27467346,94.22941589,-129.42851257,-19.67653084,2.03221655,112.00763702,-15.46902657,263.51596069,-255.56687927,36.51426697,17.41976166,-165.39097595,-67.67829132,-20.89514542,-104.96548462,-73.90476227,160.88447571,106.43978882,56.37711716,281.10592651,-131.88801575,-62.74416351,145.48529053,-226.03865051,-22.55344772,168.19850159,158.40693665,-28.33317757,190.60556030,58.18328094,-256.74905396,-126.48758698,136.15660095,102.57875061,174.72692871,42.59294891,56.87304306,-185.42254639,21.80785370,-75.31283569,-58.16857529,243.14201355,-56.79330826,-171.33134460,101.34253693,156.34777832,-57.13147736,158.76802063,-0.49548349,-119.27011108,86.88403320,-51.21301270,2.93983865,87.03688812,-137.52563477,101.32358551,60.46691513,36.26150131,-46.87194443,-251.67442322,323.35180664,-43.00188828,97.11892700,-192.20384216,-155.01585388,11.99936104,-78.96329498,198.72685242,-248.57344055,-55.83530045,190.44186401,-65.30628967,-122.25052643,-182.67900085,-18.11246490,-126.73370361,-105.62619019,-36.59102631,226.92492676,10.74231529,209.59506226,-183.57673645,12.43410015,-291.03701782,17.60866356,65.17797852,65.31184387,51.63767242,211.14039612,115.32841492,-15.75776291,-149.34800720,61.05115128,-67.61376190,-178.52914429,-173.28617859,213.56861877,-7.49662113,-221.49992371,-68.23014069,-127.52136230,108.51836395,-136.45820618,-43.51799393,-134.56451416,-193.72088623,-2.55129027,-78.01949310,182.21600342,-75.65476227,-109.97772980,-74.27476501,130.04646301,-70.51827240,244.55026245,138.25968933,35.97917557,60.01484680,150.82986450,150.66990662
90.65718842,-164.12736511,18.81102562,-131.88150024,89.69264221,183.02694702,-173.09677124,9.88863182,-78.12677765,73.48873901,-109.73790741,-8.07721519,36.16524124,145.08236694,-55.41868210,299.56753540,-254.40069580,172.58113098,60.11745834,-105.96625519,-172.62271118,28.40529251,-193.91752625,-168.02586365,225.62670898,156.96052551,83.45040131,326.15444946,-240.49447632,44.84571075,226.89607239,-224.23678589,-89.23590851,110.03532410,169.32391357,-92.69770050,201.12765503,142.28265381,-346.73562622,-141.75244141,246.71168518,25.97882652,194.90298462,-0.33038557,105.59255981,-253.21206665,39.03236771,-122.06591034,-130.81852722,269.18194580,-79.85037231,-198.17649841,49.81237793,231.96575928,-0.75242513,151.85537720,51.26712799,-141.14666748,214.86737061,-153.69461060,-50.73040390,163.93275452,-209.86190796,223.94039917,68.82836151,69.42685699,-109.23431396,-403.26565552,406.60208130,48.62714005,120.83837128,-132.99473572,-127.64360046,-81.38573456,-111.20000458,299.73727417,-339.64648438,-123.65359497,286.65765381,-80.09593201,-174.49766541,-274.00576782,-21.70086479,-185.04280090,-189.25479126,15.20773506,209.50602722,-67.23403931,190.49342346,-115.13311005,87.24024200,-308.91998291,18.01832581,95.20991516,158.17579651,29.79441261,197.29441833,220.51036072,-17.35592461,-181.60435486,3.50508380,-19.48815536,-229.17814636,-118.13778687,188.30007935,55.38227463,-210.75856018,-68.81972504,-110.06192017,122.62681580,-153.12886047,34.14161301,-214.62387085,-306.00466919,-15.33532333,15.70786095,194.07356262,-97.34629059,-95.39378357,-7.14816332,168.66314697,-97.74947357,262.83654785,162.34146118,74.45378113,117.38002014,237.37582397,236.61395264
-55.78490067,-273.33795166,-59.45024490,-212.72985840,11.47986031,-30.03746414,-243.58203125,90.10559845,-0.94420415,-96.04550934,-162.35691833,-122.78223419,238.45451355,315.17077637,-182.76644897,196.81837463,-78.19795227,481.16821289,173.79312134,153.89454651,-394.40771484,287.73608398,-484.05459595,-428.01998901,386.56390381,157.06312561,17.72837257,177.71951294,-306.87454224,153.35870361,338.62835693,-120.47517395,-61.02890396,-53.03227234,277.23629761,-87.61511230,205.83383179,193.62413025,-538.44244385,-235.33905029,405.78482056,-180.91403198,149.97186279,21.39649010,306.35519409,-253.46153259,250.52571106,-88.16722107,-255.65937805,197.92100525,-216.26443481,-169.82623291,-196.94685364,376.92349243,-77.58879852,134.69078064,47.10493088,-122.85142517,421.21862793,-356.38806152,-194.55110168,177.80458069,-300.86837769,407.47482300,48.49346924,239.40509033,-220.26744080,-636.65679932,341.20932007,252.06137085,199.83760071,31.66718483,-140.88613892,-333.14874268,-21.28448296,483.05041504,-366.80169678,-166.89071655,395.92495728,-195.60301208,-368.42666626,-483.65930176,-139.21862793,-256.53890991,-276.39331055,12.84331036,89.54656219,-103.24636841,-20.46525764,-27.77437782,140.34088135,-238.08398438,94.33024597,203.60556030,269.88796997,108.64305878,9.80216694,382.14782715,-104.73927307,-377.36428833,-120.17465973,160.39874268,-395.09405518,99.55046844,162.78314209,77.42117310,-85.10833740,152.08882141,-154.11083984,-75.53628540,-267.59246826,213.64303589,-296.78292847,-389.31350708,-198.58853149,231.30833435,168.28343201,1.63676023,-3.70498466,117.76037598,371.25259399,44.58306885,228.65742493,19.95692444,171.72608948,288.79714966,404.85989380,375.11444092
21.98719025,-100.40019226,-35.96199799,-95.01699066,49.83570099,129.55694580,-177.92675781,-52.55759048,-72.42678070,83.52008057,-76.11301422,-48.15289307,99.24058533,155.64694214,-53.85735321,177.65245056,-155.02517700,144.92956543,114.49800110,-49.05821228,-105.84544373,45.35034561,-132.72998047,-133.32977295,165.77848816,166.40716553,19.67966080,188.26690674,-201.59259033,7.23716640,134.80435181,-129.82890320,-27.26531410,49.99304199,160.05064392,-29.75411606,171.18041992,110.36840820,-254.18745422,-103.28067780,206.30932617,30.38228607,128.27584839,-35.20523071,98.25642395,-178.25802612,-7.05943108,-30.56436920,-118.60597992,170.79730225,-27.13650703,-116.17810059,-19.49394226,177.84013367,-20.03790855,131.71145630,-11.09709167,-72.24464417,133.42822266,-117.72166443,-110.98667908,135.90702820,-165.42251587,182.77935791,86.62421417,11.03399181,-9.42018604,-290.74356079,232.24517822,31.15872574,132.37358093,-30.43619347,-39.59838867,-25.36123657,-85.25739288,225.62351990,-209.42491150,-77.97940063,229.72647095,-100.08493042,-174.22229004,-188.18896484,-14.02955437,-156.93974304,-194.70652771,42.08259583,129.09991455,-54.03482437,73.12734222,-32.55519104,5.75280333,-196.03691101,-18.76780891,134.84248352,118.92353821,93.76949310,132.86689758,142.91055298,-40.13987732,-120.87747192,-19.93249512,1.86489880,-200.82182312,-72.75502777,67.66216278,-19.97441864,-141.98158264,-22.92663574,-18.31625748,16.36228371,-142.41490173,59.60855865,-163.50248718,-214.94676208,8.60558987,8.65511608,161.33709717,-37.98326874,-27.66234589,-20.10312462,87.11194611,11.12588024,154.54682922,53.42486954,58.85091019,23.99847603,179.64610291,195.16026306
-23.98388863,-192.26098633,-73.74035645,-143.84608459,28.85088730,3.77452040,-175.87245178,51.76828766,-36.15259933,-51.49691010,-74.24662018,-79.24443817,160.15788269,213.56967163,-108.06484985,147.52142334,-67.87305450,363.10766602,126.55940247,98.73845673,-268.29583740,187.80461121,-328.91201782,-311.45797729,255.06614685,136.95498657,25.56011009,137.24707031,-248.42774963,112.20326233,226.10314941,-84.03136444,-50.31385040,-36.93157578,185.15031433,-69.99058533,145.88278198,146.22697449,-362.64480591,-164.47978210,304.17959595,-112.34217834,118.98000336,-3.97658610,208.64616394,-185.33451843,141.51689148,-71.21510315,-181.12997437,141.47863770,-138.89617920,-143.47143555,-125.10374451,245.48355103,-16.27732086,89.82462311,28.92392349,-82.79955292,291.90545654,-240.05877686,-142.71858215,151.19490051,-204.88265991,297.92098999,45.04294586,161.75189209,-134.81729126,-484.40948486,238.86203003,165.35826111,134.21774292,34.86730957,-76.21046448,-202.32354736,-28.31122780,326.93789673,-270.04730225,-137.15301514,285.42126465,-110.11821747,-246.89819336,-306.77749634,-95.37470245,-185.61151123,-216.33944702,32.60855865,72.36291504,-101.77085114,-5.67161798,18.07385063,82.38291168,-163.53327942,63.59782410,150.38461304,189.93563843,82.52814484,17.66760445,268.57495117,-77.98505402,-248.64614868,-74.67745209,99.55410004,-269.18594360,57.10372925,78.56732941,45.63698578,-68.55947876,83.50193024,-74.28569794,-28.77529907,-179.31282043,151.52890015,-200.11830139,-291.75967407,-118.12816620,152.84338379,129.48309326,-22.43690681,-24.06212234,69.47962952,228.62498474,24.04421043,166.59658813,18.71676064,104.23961639,172.47854614,262.67608643,255.53247070
-54.36043930,-192.08653259,-90.34486389,-131.98663330,-26.35163498,20.34887314,-198.11505127,-19.59313583,-19.95173454,13.98961449,-104.32114410,-84.05616760,179.69129944,228.83660889,-118.08893585,159.94659424,-84.36127472,356.14813232,155.49397278,85.34074402,-255.63600159,164.81138611,-312.98983765,-287.16378784,250.39532471,157.43026733,-9.89103699,148.42337036,-235.08558655,105.65950012,240.63839722,-80.78567505,-51.06649399,-45.96728516,203.48287964,-57.64352798,162.76473999,142.95771790,-363.00231934,-157.95379639,292.80874634,-89.55023956,104.64155579,-22.79988670,185.24308777,-164.71421814,107.90651703,-26.92429733,-169.41983032,159.90835571,-103.27586365,-103.49800873,-123.47378540,253.89285278,-62.22798157,107.73721313,18.60009003,-68.01212311,305.64703369,-236.86828613,-188.09902954,141.59091187,-206.89804077,299.25506592,103.92893982,91.11612701,-98.36012268,-491.74096680,244.67842102,172.33309937,159.82502747,65.45034027,-44.60273743,-174.55590820,-43.51421356,332.05487061,-283.24523926,-101.30479431,280.32876587,-160.71604919,-265.46569824,-306.17224121,-70.46263123,-186.87106323,-233.07009888,61.85392380,61.56643295,-73.67108917,-26.12303734,14.79482460,66.13577271,-183.73396301,14.37578583,170.73992920,204.46049500,105.02742767,39.43358612,257.85305786,-63.74362564,-223.81513977,-100.21695709,78.72599792,-278.71218872,56.04259872,65.24015808,12.24071503,-81.42260742,85.03438568,-50.06673813,-63.97131348,-186.48022461,134.02462769,-208.22138977,-267.08212280,-92.96128845,137.51632690,146.76490784,10.32968140,28.48211670,50.01282120,207.88461304,53.83257294,158.71049500,-11.67988873,106.48108673,137.72772217,268.28765869,274.39761353
40.08137512,-152.73242188,4.61744261,-117.87530518,33.78042603,110.00976562,-156.04695129,13.57720470,-42.36822128,38.87341309,-90.14910126,-48.11695099,68.83682251,147.06660461,-56.64867783,199.49113464,-150.32341003,171.97257996,61.47949600,-53.07064056,-161.63934326,61.03691101,-183.69610596,-155.56840515,190.52578735,101.62253571,36.83517456,199.96817017,-182.31382751,36.65891266,191.05328369,-138.01400757,-44.10461426,54.70079422,158.54269409,-57.85207367,164.31079102,89.33019257,-280.74041748,-111.45345306,191.54396057,2.23168445,136.44749451,9.50449848,118.65625763,-160.39938354,54.12347031,-62.61874771,-108.17102051,172.43447876,-74.17689514,-137.41195679,0.89313853,187.01551819,-18.88941956,113.59812164,31.61339951,-107.47148132,188.81431580,-138.42469788,-48.04401779,117.22155762,-167.66764832,189.64294434,44.23225784,80.43402100,-65.51451874,-355.99758911,272.89297485,70.00664520,113.25722504,-78.10175323,-102.34689331,-81.42133331,-68.29199982,247.31022644,-259.96810913,-78.22571564,221.50787354,-74.12931061,-162.05097961,-223.49134827,-46.01041031,-127.28327179,-144.65139771,-0.55868495,132.91218567,-48.56406021,110.23074341,-70.15133667,55.24916077,-211.21745300,31.11365891,98.67835999,126.80561066,64.69585419,122.76759338,188.13307190,-61.20349121,-164.50059509,-5.67498398,9.26392555,-210.18333435,-61.53321457,139.22415161,14.75594997,-139.69342041,-7.95943022,-92.16971588,43.91679382,-136.40701294,45.01100540,-159.71459961,-219.88722229,-29.94513512,15.73944950,139.41288757,-45.58518219,-58.03076935,-1.54737759,158.81405640,-24.59496498,197.81771851,60.77226639,69.01331329,93.16377258,191.59440613,197.16131592
-3.75263691,-123.98743439,12.49234486,-187.43948364,48.93017578,15.70883179,-199.94076538,78.41115570,-12.49492359,-36.89392853,-115.39623260,-131.35067749,129.41348267,223.73606873,-103.37315369,122.88093567,-91.31671906,232.02069092,100.53735352,12.64579868,-160.15307617,139.62078857,-244.53094482,-274.30471802,258.67974854,116.53479767,9.24606609,117.53694916,-201.47477722,-24.02080917,135.37596130,-128.17518616,5.36047792,54.55493927,229.23167419,-2.57933664,200.76293945,62.38768005,-360.21789551,-167.99192810,246.96156311,-20.29203987,115.10566711,29.49241066,182.24674988,-175.52508545,142.98405457,-18.43123627,-125.32814026,150.76708984,-121.56658173,-142.42196655,-54.19311905,227.57528687,-86.57497406,147.30456543,-34.52148438,-91.92813873,179.88340759,-146.02853394,-96.23462677,95.49200439,-180.02824402,223.77464294,34.99771118,165.82095337,-63.96886063,-397.11798096,202.64556885,40.47836685,153.12002563,-56.89524078,-140.32046509,-131.38352966,-14.78887367,299.58383179,-227.51379395,-85.02540588,260.93237305,-112.81916046,-232.86935425,-270.33895874,-99.01264954,-155.34407043,-172.01701355,-34.04464722,119.40111542,-22.48953819,61.03484726,-91.72053528,22.87375641,-181.56178284,75.91379547,161.98332214,119.79594421,145.62194824,46.63693619,158.01069641,-116.47132111,-263.64077759,-28.48889351,44.16423798,-287.65097046,-39.48386002,136.02429199,-45.70596695,-105.17944336,88.73229218,-109.21605682,-43.00337219,-207.94082642,70.86547852,-163.26219177,-262.06805420,-87.74388885,27.57312584,124.73560333,5.50998354,-46.82132721,-8.98675060,219.79905701,64.39504242,221.47323608,56.52754974,106.51301575,118.59981537,230.55369568,205.54429626
-58.49961472,-123.98690796,-68.46618652,-139.81137085,-16.85783195,-37.94998169,-167.79005432,27.47321701,-13.09674740,-25.71878052,-87.99151611,-108.35427856,156.49562073,206.57051086,-111.16047668,65.68797302,-27.44600105,292.08969116,122.91194153,92.06290436,-186.37174988,157.84434509,-259.32086182,-291.70272827,224.95596313,123.21595001,-17.97914124,61.01229858,-191.71794128,41.21542358,140.40151978,-52.90122223,-17.33662796,-33.98621368,185.89593506,-21.50460434,134.80389404,91.82383728,-312.23571777,-145.50033569,244.65483093,-76.76519775,66.65232849,-9.08980751,167.03312683,-119.80298615,139.66915894,7.46217155,-124.58171844,104.99909210,-108.41609192,-81.70260620,-110.39393616,204.45300293,-89.11022949,88.87838745,-13.03735256,-36.67056656,223.86166382,-174.69898987,-161.72439575,83.93450165,-153.74633789,241.30340576,77.16266632,121.81591034,-67.87211609,-391.38937378,135.65284729,110.48601532,134.01385498,69.41877747,-51.18977356,-155.93533325,5.11742258,273.67187500,-197.15167236,-78.16198730,227.02412415,-140.64215088,-227.07379150,-249.75517273,-94.65998840,-140.05270386,-183.20904541,32.38887405,34.93480682,-46.31917191,-36.88698196,1.12596095,37.93367767,-115.63245392,41.73111343,154.26994324,144.85939026,121.82652283,-10.74472141,169.09887695,-83.20732117,-216.69552612,-85.96343231,66.65647125,-252.89395142,56.91107559,38.48180008,-28.86808205,-42.08909607,117.97289276,-35.60134506,-99.46700287,-167.78698730,103.31598663,-149.73365784,-228.07017517,-97.42578888,102.24951935,93.52339172,35.94331741,24.22860909,31.53508949,187.85432434,90.59803009,128.52168274,-5.47040606,97.37290192,120.80922699,214.55804443,203.37731934
82.47019958,-39.85683060,139.48405457,-158.82655334,90.26752472,107.48638916,-132.25270081,21.00669479,22.28789330,48.14215469,-90.28475189,-74.56865692,11.06055450,115.70919800,-0.43114638,121.68678284,-156.72775269,28.31354904,-0.06025806,-122.30870819,21.37802124,-13.78282642,-67.75821686,-122.35401154,111.48542786,54.95100784,50.88243866,135.97755432,-60.78756332,-101.60638428,21.33839989,-170.13572693,55.13160706,174.03855896,171.88316345,35.62475586,176.31993103,11.09991360,-206.73988342,-123.03070831,98.01021576,130.22447205,147.00315857,102.70306396,43.78909302,-104.15155029,113.10201263,-46.67633438,3.98399019,165.93659973,-102.39871979,-162.33984375,85.58792114,94.16547394,-67.27384186,153.32002258,-65.03038788,-49.18846130,-11.05661392,34.19010925,21.30131721,-24.77624130,-64.83877563,26.12791443,33.81669617,66.84171295,-11.70036697,-153.62878418,156.58975220,-105.32875824,81.45883942,-193.53015137,-194.77961731,52.13708496,28.38551140,126.29994202,-114.50405121,-62.17146301,119.00005341,-26.55072021,-104.51873779,-95.45460510,-106.32277679,-46.79484177,-43.00933456,-83.32140350,183.70791626,24.68391228,155.45758057,-201.82855225,-54.84128189,-209.37435913,98.19246674,80.56136322,-28.17577553,116.21926880,127.19008636,6.20614719,-54.83203125,-148.68508911,88.87704468,-74.18533325,-161.27204895,-156.86302185,185.93402100,-48.24101639,-169.38133240,-17.50185776,-127.38600159,27.32431602,-137.78117371,-79.31295776,-37.07853699,-118.80805969,-64.98588562,-85.18802643,136.02624512,-59.47143936,-125.12120056,-118.21063232,122.61917877,25.81622696,176.79943848,76.74580383,17.24621582,66.62731934,80.62173462,48.89776611
86.59051514,-121.01574707,28.36441803,-116.67813110,70.74100494,226.48799133,-182.75978088,-67.97597504,-77.43474579,147.94470215,-104.58073425,-11.35442829,40.43477631,139.00546265,-20.08450699,297.56369019,-271.66018677,127.88162231,71.12376404,-148.78736877,-106.71952820,-19.67589188,-134.64945984,-103.08335114,169.63098145,176.18663025,59.28818893,317.90307617,-205.94160461,1.25886166,188.80348206,-219.75981140,-58.93208313,127.29673004,170.23240662,-63.05741501,210.71115112,116.18559265,-283.84667969,-126.84669495,202.79861450,88.85440826,190.60891724,-2.52464747,65.96823883,-219.14254761,-29.53850937,-81.70241547,-98.11269379,268.19387817,-32.01545715,-180.65303040,70.76414490,184.10148621,-11.75873280,167.89509583,15.84160137,-112.87286377,158.91387939,-103.32025909,-68.01024628,151.65002441,-171.69569397,177.99069214,110.62004852,-11.39319515,-25.96279716,-366.99200439,365.46936035,9.23340702,126.58081055,-137.54635620,-108.25458527,7.22964096,-118.22444916,235.91795349,-304.70532227,-87.92769623,242.66564941,-73.76849365,-158.36364746,-204.25616455,-7.85254145,-170.74858093,-184.15432739,22.75230980,218.38780212,-41.67274857,179.22592163,-120.89363861,23.00592232,-311.45263672,-30.10359001,109.16804504,124.31462097,61.47547150,232.32910156,167.23323059,-11.11357975,-137.93127441,32.95054626,-60.58045959,-197.53804016,-155.94825745,175.84231567,4.83156490,-237.56364441,-91.65623474,-83.00898743,111.17041016,-147.34158325,-3.13903451,-168.60984802,-241.90373230,24.05956459,-34.19915390,221.67137146,-92.24015808,-87.92120361,-57.00836945,103.42300415,-67.57774353,237.38572693,123.71096802,39.03201294,32.92073822,179.03411865,208.29107666
59.95536804,-106.83956146,104.94876862,-172.17816162,78.08389282,132.54794312,-185.73876953,42.58412933,-6.11454964,43.77186584,-143.68453979,-79.25196075,46.48606491,168.25918579,-57.08086014,226.72059631,-210.44023132,78.71039581,52.75122070,-133.24397278,-93.18827057,34.27439880,-155.41929626,-128.22505188,213.98336792,96.17068481,25.40092468,224.82504272,-153.89990234,-91.41742706,149.59246826,-209.28971863,-6.02382612,154.10578918,208.76420593,-18.25587463,231.29101562,29.30205345,-315.50741577,-137.78933716,174.28462219,82.30517578,155.79319763,61.28843307,104.47758484,-205.19934082,80.14448547,-41.39870453,-92.05170441,215.47216797,-81.33329010,-166.30262756,55.42105484,195.78965759,-83.89317322,178.96607971,-13.07215691,-127.67695618,114.21878052,-76.48698425,-6.85758638,93.74334717,-169.98251343,144.51982117,19.20031738,99.69580841,-40.39947510,-319.86361694,295.27279663,-29.88939095,136.81278992,-196.70730591,-200.20867920,-28.16691399,-61.66219330,248.66908264,-264.76852417,-39.80884552,231.65510559,-84.83915710,-174.31159973,-221.64483643,-48.22701645,-145.06851196,-127.38921356,-63.81917191,216.19664001,34.69519043,182.69691467,-205.51750183,12.27926636,-276.20098877,51.78703308,114.10809326,79.68029022,101.20625305,166.89537048,127.20416260,-72.81810760,-205.73129272,42.26067352,-26.52830124,-239.13572693,-161.61672974,238.03672791,-42.84004211,-196.57511902,-9.33734894,-164.82029724,52.56358719,-177.33987427,-12.76154518,-151.57611084,-225.96099854,-37.84438705,-83.72567749,168.83381653,-37.51923752,-97.28128052,-67.91532898,179.82228088,-17.66455269,271.49255371,111.04635620,74.96994781,75.80395508,189.30383301,173.81826782
51.63354874,-159.68574524,8.67320347,-132.15161133,43.38558578,171.11911011,-169.77246094,-76.35635376,-31.74842644,110.59000397,-91.83848572,-26.64505768,78.19633484,158.75727844,-21.64680099,257.40921021,-214.72752380,194.72436523,77.90271759,-69.02183533,-140.09692383,31.29024887,-191.95979309,-147.71751404,165.48236084,151.84571838,34.59444809,255.38198853,-177.25323486,24.87121010,199.17877197,-176.11421204,-32.48828125,83.72451019,175.44000244,-51.78833008,180.30993652,112.46624756,-282.09613037,-148.92994690,199.59164429,46.20626831,180.08193970,25.04325104,95.21527863,-167.69352722,30.10714912,-79.76387024,-93.47379303,232.64796448,-83.43133545,-169.72027588,19.55619621,174.32031250,-21.02291489,139.88386536,4.78724337,-73.86106873,185.19529724,-116.02665710,-93.68820953,111.81170654,-148.58496094,180.07579041,109.46648407,12.89151287,-59.26090240,-398.18991089,304.15194702,53.06505585,117.60289764,-85.24317169,-104.73298645,-25.96513557,-58.37847137,228.44352722,-279.98559570,-86.13050079,218.39698792,-78.21672058,-181.96861267,-202.63920593,-60.33295441,-150.30352783,-172.77148438,21.58379936,177.85850525,-37.23374939,115.61962128,-86.72811890,9.53794670,-274.04269409,14.58272743,115.78195190,111.99773407,77.76495361,175.89212036,180.93609619,-19.08637619,-163.92541504,19.32898712,-33.76212692,-203.41934204,-86.92752838,146.94845581,11.65935421,-197.05502319,-44.68208694,-86.79341125,63.90509415,-154.66551208,19.36874771,-143.26774597,-205.01370239,-49.04475021,27.75746536,209.60595703,-77.07826233,-74.22438049,-46.93259048,144.89564514,-25.93511963,188.77899170,46.28084946,27.97085571,82.59970856,173.56546021,196.22770691
-50.32227707,-79.93674469,-78.13856506,-94.22803497,-12.93035412,-39.49607468,-140.51242065,35.49008942,-23.39466858,-26.96518517,-47.18549347,-100.83922577,128.47705078,169.29034424,-98.72341919,26.01477623,-1.84453833,255.01473999,105.11690521,80.06292725,-122.41445923,119.25654602,-183.68481445,-250.77798462,178.46038818,96.13233185,-4.80283833,30.16718102,-159.28741455,55.37113571,79.52375793,-23.95253372,-11.66900349,-36.27918243,149.93843079,-7.56757021,110.04493713,78.11460876,-242.58308411,-95.90852356,198.12509155,-57.45088577,41.15644455,-28.89915276,128.01593018,-86.89292145,112.14222717,4.00249863,-98.78072357,63.51683807,-76.85707855,-60.42647552,-93.07164001,167.75765991,-48.98552704,69.32466888,-19.61160851,-35.17693710,159.53300476,-127.14343262,-118.37532806,68.52021790,-128.20800781,193.17012024,60.16857910,106.11212921,-40.45993423,-288.81793213,87.80835724,66.18983459,113.55960083,76.47917938,-18.63841629,-111.45643616,-2.79781604,223.65406799,-131.52239990,-78.54463959,180.82525635,-106.95635223,-181.43467712,-190.95498657,-68.53514862,-91.46688080,-141.54600525,36.99448776,8.66880226,-64.20110321,-38.11170578,38.16010666,24.92296600,-65.91720581,43.82841873,130.84036255,116.98376465,114.25543976,-26.40472603,108.60048676,-84.03787994,-152.67094421,-84.78654480,56.62932968,-205.28494263,48.42269516,-5.58501339,-29.33975601,-16.40400696,99.75696564,0.55540001,-85.29598999,-129.01469421,91.20140839,-122.28119659,-183.14149475,-61.26934052,86.00069427,55.97085953,28.98883438,22.70666885,18.78326797,123.49353790,85.12210846,101.62757874,-3.95357561,91.68658447,86.92930603,175.45175171,157.02879333
-0.67150301,-118.33219910,-3.70058441,-142.56997681,9.39348125,81.08103943,-177.99942017,-67.16700745,1.33948112,77.49300385,-89.66326904,-73.65290833,126.32986450,185.31637573,-43.08908463,153.02371216,-129.85852051,218.76687622,107.40977478,-5.01185799,-105.01533508,70.28488159,-188.18270874,-201.48947144,161.95680237,149.32752991,4.67388725,150.47589111,-148.57498169,8.79389191,137.17716980,-119.16931152,9.76589203,48.35927200,193.55143738,-0.10093623,167.79870605,91.02287292,-272.65222168,-149.00823975,197.85250854,30.46300507,128.76974487,29.62489510,112.70586395,-126.38685608,86.51776123,-24.54897499,-85.33219910,181.83119202,-93.25154114,-124.45160675,-36.18639374,165.71501160,-67.31990051,137.16413879,-40.85291672,-23.21882057,155.55651855,-102.13670349,-141.86837769,63.29666519,-127.85680389,170.69635010,133.93692017,30.86621284,-26.10765457,-349.80386353,189.95391846,42.95909119,130.37794495,-22.82358360,-90.99462891,-33.25948715,-6.49919367,218.73500061,-205.98205566,-72.67510223,195.92042542,-104.41954803,-202.35667419,-187.24226379,-89.55504608,-133.41285706,-167.10371399,16.43892097,116.91532135,-26.71666145,32.05801392,-58.83547211,-22.80109787,-203.93193054,27.69317055,153.88494873,94.48926544,128.84027100,94.09054565,125.67362976,-41.70466995,-181.37782288,-12.11984253,-10.41480255,-214.67568970,-35.93973160,93.89276123,-36.02934265,-138.17196655,23.00176048,-61.42176056,-32.63448715,-173.08383179,33.99246979,-115.36894989,-178.20552063,-75.61324310,44.48719025,170.69825745,-26.32646561,-34.72542191,-51.09156036,145.84248352,62.24256516,139.61764526,-1.50154126,41.69598007,74.01154327,164.02548218,173.10812378
-65.12512970,-152.27223206,-109.70708466,-104.69204712,-26.62537384,-27.76733017,-167.09402466,28.04505730,-27.02622223,-28.81532288,-69.85619354,-95.00469971,163.29548645,206.55859375,-123.34104919,93.37125397,-26.84349251,340.70687866,140.20372009,114.67906952,-220.43948364,165.99142456,-277.30691528,-289.57833862,234.01733398,126.98200989,-14.63045979,83.50962830,-217.18807983,98.62411499,176.92163086,-37.20733643,-47.31593323,-65.24509430,175.19354248,-47.57250214,128.37873840,113.57164764,-317.77450562,-123.56600189,264.57354736,-105.33477020,61.99460983,-45.02385330,175.66122437,-130.16430664,107.49459839,-12.31902981,-149.12278748,97.25523376,-88.87343597,-74.50715637,-128.23277283,227.03601074,-48.07303238,77.41609955,13.50831032,-62.07902908,263.96057129,-212.59356689,-158.95947266,123.88087463,-180.28103638,278.28308105,66.10604095,119.75783539,-87.34336853,-432.48065186,168.58822632,144.95100403,139.17687988,92.68402863,-16.26890945,-177.49597168,-31.42297554,299.64447021,-228.23063660,-92.22813416,245.67408752,-142.77127075,-235.32867432,-271.72268677,-60.15350723,-144.71778870,-201.04057312,57.14399719,17.33138084,-76.20010376,-49.87693405,49.25055695,68.59467316,-108.78409576,28.85216522,151.85865784,185.22463989,105.53745270,-14.35122299,210.06665039,-84.68418121,-202.86135864,-114.42349243,89.97906494,-252.15362549,77.53131104,17.94600105,0.26292938,-29.13860130,105.59789276,-19.04630470,-75.62988281,-158.72846985,136.53660583,-181.27729797,-242.68049622,-78.11502838,141.60620117,85.78648376,29.70889473,43.19877243,62.67227936,176.39233398,65.30783081,136.05166626,-10.93457890,110.56407166,122.73172760,240.85266113,233.26544189
-37.36829758,-129.86665344,-72.33135986,-129.31347656,12.42471600,-77.78897858,-158.41783142,128.33941650,-31.89521599,-110.91822815,-52.70040894,-117.12505341,143.69042969,207.63603210,-135.40740967,51.50175095,9.77095032,333.56237793,104.93209076,128.31851196,-207.81513977,190.51858521,-273.67257690,-340.37881470,261.68881226,96.00336456,23.73488808,44.68381119,-226.20388794,86.50148010,134.98205566,-39.02338409,-38.39434433,-48.08002090,180.91656494,-45.41855621,126.53627014,103.70809937,-341.87210083,-126.55558014,272.57229614,-125.39757538,64.94755554,-14.16117573,201.38951111,-146.25959778,185.53346252,-47.03323746,-150.36143494,73.88488007,-138.11135864,-106.63887024,-125.16956329,235.78421021,-28.41724014,71.53466797,14.06830215,-72.86870575,238.05827332,-201.53623962,-111.32149506,104.77944183,-184.30355835,270.33416748,9.30160046,212.97380066,-121.57657623,-399.99011230,143.65432739,115.57372284,123.04132080,54.99485397,-70.78883362,-218.79139709,2.22422624,314.45727539,-201.79924011,-124.36730957,256.68670654,-99.85462189,-226.06454468,-286.48181152,-99.31832886,-125.66866302,-173.25717163,12.81664467,17.87311745,-92.14149475,-18.86410904,24.02748680,89.91139221,-78.05399323,102.46249390,140.72351074,159.82518005,104.99750519,-58.59878540,186.00903320,-119.18424988,-244.83506775,-96.90125275,108.69567108,-268.68020630,80.56230927,38.72899628,18.54514313,-4.82545662,126.47931671,-50.72054672,-64.88727570,-165.01516724,145.77041626,-174.62692261,-279.55737305,-113.01431274,139.59927368,46.03353882,11.03303146,-5.15930271,74.68406677,210.67648315,61.73319244,153.04849243,36.43315125,132.73397827,172.98883057,251.83445740,199.80569458
-1.95276213,-125.60531616,7.31601715,-108.93993378,22.21813393,110.26891327,-184.93191528,15.65729332,-34.21501541,48.02767944,-130.85714722,-79.31416321,91.89498138,178.01281738,-92.76477051,209.13546753,-159.74415588,129.38380432,102.59965515,-73.47623444,-142.97305298,67.66287994,-170.12232971,-121.80329132,223.88832092,113.84906006,-16.63571548,194.74736023,-187.08338928,-38.62768173,183.32667542,-137.96157837,-35.11853027,64.72673798,191.04817200,-37.23852539,200.41954041,50.62830353,-300.74267578,-92.81426239,184.75025940,23.60913467,105.57023621,-20.24653816,128.45086670,-178.36450195,6.85658741,-3.01865554,-128.34547424,161.45901489,-19.94029617,-96.80925751,-11.16388702,217.59494019,-76.89214325,141.37551880,13.83996868,-140.50599670,172.98565674,-143.82783508,-48.15092468,141.78001404,-195.65197754,202.76852417,29.28504753,69.29947662,-17.24136734,-352.28894043,270.89138794,40.40696716,152.71420288,-97.33422089,-97.15750885,-69.72711945,-110.49588776,272.56344604,-266.59249878,-23.00895119,243.82727051,-131.74133301,-192.21501160,-246.38725281,6.74600506,-151.92460632,-169.95428467,-5.13592863,136.85423279,10.96000004,107.13650513,-106.16939545,42.26947021,-212.86199951,-12.76795959,124.67347717,145.64910889,100.66862488,127.81141663,174.30323792,-83.85317993,-175.16433716,-31.76319695,20.08004761,-242.01838684,-92.84503937,154.25045776,-47.11217499,-137.87371826,16.98690796,-87.37953949,17.54499245,-158.83120728,50.70237350,-193.43521118,-220.51843262,17.28230476,-35.04972839,136.14903259,7.36526918,-13.05464745,-10.66376972,143.95069885,0.73758531,241.24365234,57.97579575,99.06748199,29.67910767,219.27944946,228.90066528
-24.93451309,-170.86647034,-60.51932526,-128.40393066,-7.21914148,30.31887436,-156.47908020,-25.21155548,-7.75909042,19.09736443,-76.10474396,-72.63967133,143.04859924,187.03762817,-72.36213684,132.46220398,-73.12036896,283.89654541,104.83953094,71.98075104,-198.11907959,124.09109497,-250.85948181,-245.39344788,192.47079468,121.96790314,-2.25425553,113.58985901,-172.31472778,64.93825531,184.15156555,-74.05319214,-14.40742874,-22.19959068,168.92398071,-32.83974075,124.91740417,105.88721466,-284.61227417,-146.11051941,223.03576660,-59.54336548,104.65982819,3.09580755,148.36856079,-108.68860626,101.68772125,-33.03694534,-109.12185669,131.51037598,-112.12561035,-105.86710358,-83.39472961,179.76017761,-51.27300644,84.90898895,-4.09422684,-37.93931580,228.87188721,-167.03793335,-143.45225525,84.62589264,-138.51751709,217.50982666,94.18234253,81.18077087,-81.72363281,-404.05459595,173.89611816,126.45131683,114.87528992,42.41451263,-48.63358307,-119.42017365,-6.13685656,245.90553284,-217.96794128,-88.64675140,209.80247498,-112.17800903,-211.30729675,-226.80671692,-91.47537231,-121.55810547,-171.42948914,38.67563248,59.98439789,-54.82471085,-11.15228367,4.49244165,27.85715675,-150.32087708,40.10300446,131.31010437,135.27554321,100.56634521,42.00238419,200.12614441,-57.45000839,-191.59373474,-54.56206131,38.94565201,-227.07142639,43.89255142,56.31939316,4.91375589,-80.34880829,66.55831909,-46.28417206,-49.17766953,-153.92701721,90.33325195,-136.26828003,-196.99038696,-96.68721771,117.97134399,128.69827271,-7.78648472,-3.80992651,21.71149826,177.38934326,54.51750183,120.70414734,-27.10267448,61.05443192,127.66403198,191.43969727,197.83471680
