135.11221313,-190.92459106,8.69815063,-135.41339111,91.69449615,162.01451111,-119.69107056,17.02389717,-92.03437805,39.69144440,-24.02300644,24.90504646,4.19597816,97.27496338,-6.88565445,255.29565430,-214.79365540,173.23963928,-2.62910032,-68.02085876,-159.96380615,21.21321297,-167.22073364,-195.80122375,166.56657410,131.98143005,136.27085876,289.57598877,-220.13262939,100.63703156,202.42425537,-202.77656555,-89.05602264,85.62100983,113.98405457,-106.68681335,129.08601379,165.42088318,-279.89337158,-148.01683044,224.47154236,-1.47412968,217.53091431,33.26016998,92.96310425,-200.64221191,86.55161285,-177.40473938,-88.80247498,242.89207458,-132.75723267,-232.98188782,57.20509720,160.61257935,79.91410828,92.21794891,58.98170853,-81.32658386,200.98001099,-122.04940796,-42.85869217,123.89321136,-146.68774414,183.53630066,70.54551697,89.86144257,-150.54225159,-376.38107300,351.23654175,60.61997986,51.03506088,-93.05837250,-122.72663116,-83.81756592,-50.41130829,231.97499084,-304.11004639,-168.05265808,229.96484375,8.98755074,-114.27951050,-205.56274414,-82.96376801,-130.15750122,-143.98052979,27.11902428,183.76123047,-123.34873199,182.36341858,-55.84083939,87.56183624,-262.02362061,94.72545624,56.24403000,114.06846619,-4.61946726,162.79077148,205.64962769,-0.02312187,-159.17584229,44.02463150,-32.43275833,-172.68620300,-66.21150970,131.51174927,109.40285492,-186.11456299,-92.75155640,-90.77096558,139.77597046,-107.99902344,26.81126213,-143.01150513,-277.35305786,-58.66355896,60.37435532,170.17230225,-153.92056274,-151.32365417,-5.21567678,167.08454895,-104.26543427,179.97320557,145.57942200,29.44757080,162.20092773,168.81210327,165.36141968
139.66827393,-203.48443604,19.04119873,-142.12689209,92.36010742,196.55758667,-137.40815735,5.94748354,-94.90968323,66.50979614,-57.62053299,22.01658058,2.83898401,104.65895081,-6.32065296,293.93206787,-252.18762207,168.46484375,6.02882862,-102.99560547,-174.35092163,15.93848133,-181.32878113,-174.87744141,179.71247864,139.00251770,128.94998169,329.93310547,-232.35482788,90.49456787,233.57368469,-225.03489685,-91.49748230,103.51849365,129.41743469,-106.42274475,156.92352295,161.99618530,-302.44882202,-155.71672058,227.05747986,17.01487732,233.73069763,30.03414726,99.66699982,-220.44996643,56.04938889,-173.54776001,-99.68493652,267.83139038,-112.86907196,-239.90910339,68.98000336,179.91836548,63.27435684,113.85805511,61.81625366,-111.43197632,211.96379089,-134.84141541,-41.55065918,149.75248718,-168.56324768,193.70941162,68.64812469,75.99511719,-141.14442444,-396.35888672,401.96429443,63.64327240,67.83996582,-120.43289185,-134.39038086,-73.93932343,-80.62405396,252.75630188,-336.24670410,-151.93058777,250.58981323,-7.17913961,-124.23320770,-227.66595459,-65.83178711,-156.42549133,-158.62782288,21.23494911,214.01811218,-107.29009247,200.09292603,-84.73352051,83.05583954,-303.18350220,64.01074219,62.02908707,129.01411438,-2.28831935,198.50502014,227.49806213,-5.78962278,-168.22488403,53.49823761,-37.45431137,-186.49578857,-95.69137573,168.19735718,103.29782867,-214.61892700,-102.90964508,-107.57891846,151.55749512,-121.25647736,16.29026794,-166.64245605,-286.14611816,-35.42971420,35.36987686,196.77957153,-153.64154053,-152.26527405,-14.07496262,172.65928650,-114.34928894,218.15434265,144.72293091,32.59427643,144.51931763,184.24812317,194.36717224
136.43882751,-177.99789429,8.71979237,-141.66539001,88.12493134,175.32989502,-129.81240845,-22.41194153,-87.88822937,72.67627716,-27.74833488,23.70302391,14.41247082,103.71178436,0.71459079,253.13742065,-228.71279907,165.00254822,10.29587460,-82.66364288,-139.52149963,8.21234035,-156.47169495,-190.00401306,154.31427002,153.11968994,133.51191711,292.58959961,-212.58319092,85.98213196,191.67803955,-213.60079956,-77.32386017,97.10090637,121.09017181,-93.20256042,136.83857727,167.60408020,-274.15896606,-159.69458008,221.93136597,24.46682358,224.87380981,37.11953354,79.81144714,-193.39274597,72.51530457,-163.81579590,-78.12212372,260.16809082,-126.96902466,-234.61447144,64.64145660,151.46459961,67.52339172,103.92263794,40.31980133,-55.33074570,187.75250244,-104.66883850,-69.81383514,113.42217255,-134.40545654,171.56434631,108.84733582,56.91548538,-128.05601501,-376.84027100,342.15295410,46.14422607,57.44417572,-83.18724060,-114.01367188,-52.30184174,-43.88751602,219.01737976,-297.63604736,-166.76815796,224.02496338,-2.17176294,-121.37765503,-189.11241150,-87.18261719,-133.59185791,-154.67778015,37.74463272,193.59519958,-116.91299438,179.97804260,-59.94137573,62.08317184,-274.20663452,77.31919861,69.11773682,101.20516205,9.42636967,178.84286499,187.88027954,10.20966434,-149.61054993,53.02266312,-54.02074814,-170.71009827,-79.07739258,121.80341339,91.49518585,-204.70298767,-96.96810913,-79.01405334,127.47099304,-114.11116028,13.31162930,-131.80703735,-267.74002075,-58.14527130,46.24790192,189.68446350,-154.42346191,-148.71849060,-27.33696365,152.03553772,-89.34352112,164.41036987,141.24119568,16.80940437,143.36833191,156.32933044,158.02227783
106.79476166,-161.29400635,-8.34319592,-107.81597900,84.18159485,137.22065735,-120.59074402,52.20795822,-105.22760773,17.00103378,-29.70438957,11.64670849,1.36017585,90.65502167,-26.21848297,220.23027039,-180.34132385,145.41789246,7.36309004,-65.23740387,-153.53378296,32.09662628,-147.13476562,-170.35668945,173.41429138,115.72290039,110.06459045,253.33000183,-226.06344604,76.61888885,177.74278259,-167.57226562,-93.55481720,65.60730743,106.72174835,-104.11233521,129.66023254,140.10755920,-267.69384766,-105.69775391,212.97029114,-13.86763859,174.02848816,-5.09142685,95.97508240,-200.37651062,57.31388855,-144.20999146,-103.84262085,195.53764343,-91.17011261,-188.86637878,43.43172073,165.04054260,66.61746216,83.46270752,64.91819763,-111.05187225,183.10160828,-129.28356934,-22.35244751,145.01245117,-160.40394592,192.17662048,26.19893265,103.33324432,-123.84946442,-333.83114624,319.50271606,53.96181870,58.62564468,-86.73200226,-97.25170898,-92.16549683,-79.90419006,234.14581299,-279.85076904,-137.61419678,233.23681641,-3.79950428,-105.28574371,-203.71385193,-43.08355331,-125.38178253,-143.00314331,26.53813171,151.90779114,-109.09846497,162.43211365,-48.22312546,98.23849487,-217.72375488,72.90485382,56.07284927,127.41525269,0.18809548,135.81088257,193.07949829,-24.56457138,-139.03633118,15.88311386,-3.79688478,-172.65083313,-65.38428497,112.12516785,86.30972290,-148.17115784,-74.00312042,-68.14201355,122.97621155,-96.42863464,43.40108490,-158.49658203,-273.00210571,-16.18499565,36.54730606,129.72941589,-116.53849030,-113.79720306,16.77554321,140.46875000,-95.13921356,194.79754639,139.72920227,50.67795944,125.54705811,173.60005188,170.94755554
153.62100220,-179.20698547,27.46631050,-171.61561584,105.69177246,183.39051819,-134.35011292,-52.15236664,-76.15558624,83.74456787,-34.73823166,11.62216854,32.61957932,119.20975494,19.25239754,250.01641846,-238.11604309,186.24848938,13.42400169,-73.87480164,-131.93225098,13.16944885,-175.88298035,-216.66540527,145.28558350,172.55340576,149.92218018,290.53079224,-206.64848328,81.05633545,182.36309814,-230.93745422,-49.10684586,114.46598053,137.59347534,-70.46622467,138.92634583,182.28982544,-281.59408569,-201.60154724,234.14759827,34.94378662,259.66168213,70.87382507,87.99025726,-187.82220459,101.08607483,-178.87512207,-64.20416260,281.69464111,-165.54463196,-268.88500977,58.75530243,143.41362000,58.36499405,116.18589020,12.71041393,-24.65397453,173.46575928,-94.58285522,-99.01996613,88.11111450,-117.72284698,155.82276917,134.31646729,46.30686569,-141.53594971,-377.09347534,333.65103149,36.57518005,55.37056732,-85.75381470,-133.81201172,-44.38842010,-6.00201273,212.33943176,-277.99334717,-190.93948364,220.49002075,3.21065617,-136.34048462,-186.39500427,-131.28256226,-138.79298401,-164.38919067,26.07765388,216.58972168,-121.29892731,179.72723389,-73.10479736,30.85627556,-297.66278076,96.88003540,78.65081787,75.65731812,29.41087151,190.67205811,179.15774536,15.12253284,-172.44465637,81.97875214,-68.76366425,-176.96107483,-80.08725739,136.97241211,94.42767334,-227.60633850,-93.96466064,-92.23680878,113.58374786,-135.17486572,2.70221591,-111.69638062,-261.73730469,-100.62608337,64.06640625,223.49763489,-174.98585510,-174.04759216,-45.88218689,175.51296997,-69.22370911,141.96585083,134.75036621,-3.13031006,170.98780823,147.27720642,148.81642151
140.80162048,-187.67222595,33.39172745,-156.05381775,105.93141937,175.51824951,-138.11026001,4.15464640,-77.11706543,47.72473145,-49.90210342,0.65967768,20.86729431,121.16675568,-10.44350815,265.04196167,-234.04687500,164.65968323,12.28064537,-88.60323334,-153.34297180,26.85309410,-176.21273804,-194.13862610,178.99166870,140.98736572,134.28393555,296.53662109,-214.92367554,71.57836914,204.81483459,-224.56030273,-68.88162994,114.28932953,142.87136841,-84.75069427,157.66694641,156.09681702,-300.10696411,-169.96159363,226.74688721,23.70149422,235.83876038,54.72043991,107.73607635,-206.26310730,85.36245728,-169.28771973,-89.65904999,256.81616211,-141.45042419,-251.95535278,57.93593216,173.73211670,56.93904114,119.78797150,40.82516479,-83.15067291,185.60307312,-117.12709808,-48.76885223,114.54412079,-154.40272522,173.83419800,76.00678253,86.58061981,-140.15699768,-385.53604126,359.39819336,40.54971695,70.89998627,-116.68875885,-143.58772278,-72.20001221,-46.66515732,242.73887634,-307.36001587,-168.32449341,240.54797363,-4.58786154,-136.19674683,-218.48622131,-93.29232025,-140.12533569,-155.02032471,7.35335159,212.62619019,-106.20423889,197.08799744,-87.24082184,68.93685150,-288.68115234,95.44665527,71.22035217,102.52275085,22.84621239,183.42469788,200.64054871,-14.97805214,-181.09904480,64.46026611,-38.55577469,-194.30519104,-96.87465668,162.34606934,87.67047119,-209.76983643,-84.51964569,-111.40378571,131.36013794,-134.85867310,16.85784531,-147.34825134,-275.72503662,-68.11952209,35.52590942,191.38735962,-153.88537598,-164.98558044,-21.40970421,186.71652222,-91.63781738,192.99850464,150.27600098,31.62812996,158.84255981,178.96185303,174.00527954
182.83181763,-190.35398865,36.55115128,-179.23742676,123.25131226,196.89750671,-127.98269653,-30.22157860,-94.05445099,75.91336823,-14.02052498,32.38893890,4.81375217,102.46234131,32.71528625,271.19650269,-254.84384155,203.05654907,-12.40294933,-84.79463196,-142.84535217,3.37719297,-184.08847046,-234.58117676,146.06103516,171.46697998,182.54502869,320.41839600,-227.55976868,106.38256836,192.13720703,-248.98161316,-65.98370361,124.28303528,126.50932312,-92.67480469,138.07788086,200.10928345,-294.12481689,-207.29318237,253.08438110,29.49320602,281.44006348,79.93518829,83.92472839,-213.34985352,111.13933563,-219.32362366,-65.98727417,301.73507690,-182.23339844,-299.33853149,78.24413300,142.99894714,98.39570618,114.54838562,30.28195000,-30.92027855,187.91500854,-100.11700439,-78.23110199,103.58900452,-122.47048950,164.04316711,124.86721802,68.42259216,-168.47421265,-395.07034302,369.60330200,40.97307205,39.05705261,-111.73667908,-154.85896301,-55.13742447,-9.58921146,220.99020386,-301.29449463,-219.15577698,232.41908264,38.26324081,-120.78349304,-191.18826294,-141.47764587,-142.39813232,-158.68293762,21.10746765,234.68841553,-149.69558716,208.66087341,-76.48677063,51.71290970,-314.66101074,116.30551147,64.65911865,78.58838654,4.82535553,201.95236206,196.80445862,24.70239639,-176.16181946,98.00754547,-73.82732391,-170.24772644,-88.89325714,154.98609924,128.91378784,-241.80020142,-121.19171906,-107.84795380,154.59335327,-127.89733124,1.58763921,-113.15779114,-291.23297119,-103.74391937,71.49244690,229.65899658,-206.61787415,-206.76351929,-41.00329208,180.16961670,-104.25802612,156.93928528,163.07972717,-9.73019695,194.28268433,148.25926208,142.40275574
145.28956604,-187.66696167,21.30722809,-142.71423340,96.94096375,190.09001160,-133.31425476,-4.05434179,-90.26316833,69.04013824,-43.42573929,19.93134308,4.35357285,103.63494110,-0.93261075,275.14877319,-244.82855225,153.98097229,4.80108786,-101.32099152,-148.46098328,7.64582586,-161.27235413,-178.31623840,166.69100952,145.18936157,134.90412903,313.36633301,-219.75115967,78.61392212,207.63858032,-225.98167419,-82.90316010,111.25890350,126.93787384,-96.81766510,151.07540894,157.68957520,-286.37060547,-158.08880615,221.33216858,27.73925400,232.31652832,36.19189453,88.77999878,-209.27867126,63.20098877,-171.06675720,-85.12891388,264.69158936,-120.95645905,-243.00132751,72.56763458,164.22280884,66.73152924,112.92665100,48.42169189,-88.33889008,190.22731018,-114.08323669,-46.36993408,128.29563904,-150.19017029,176.35945129,85.11907196,69.56731415,-134.36195374,-382.06616211,372.91873169,41.30817795,62.67000961,-115.19332886,-128.55195618,-58.84342575,-61.79462814,234.19035339,-317.25143433,-159.57778931,237.13562012,-0.37765750,-119.91329193,-206.21044922,-75.57444000,-141.29734802,-154.02746582,24.47074509,211.91552734,-107.87251282,200.94818115,-79.83870697,71.03627777,-293.06369019,76.21710205,63.49241257,111.45110321,6.68476582,193.30456543,201.56851196,-1.45422232,-159.58433533,60.00015640,-50.27897263,-179.04687500,-99.68666840,154.42192078,93.47077179,-214.80239868,-102.55713654,-98.01456451,145.91130066,-118.78367615,9.64515972,-147.32330322,-276.40704346,-45.97819138,31.47264862,194.57861328,-157.89413452,-155.83732605,-23.94977570,163.28173828,-105.93164062,199.16676331,153.85276794,24.10207939,142.77636719,168.77180481,173.06077576
128.38478088,-141.07586670,9.03807068,-187.87344360,94.40115356,65.05179596,-92.59766388,-30.40108109,-40.94403839,8.59552956,21.67004204,-6.34317827,53.13232803,106.88203430,43.66219711,95.55007172,-113.01920319,265.08215332,-8.78285885,47.17270660,-112.19708252,67.58750916,-198.66006470,-313.35192871,90.92030334,134.09291077,158.90698242,147.12614441,-156.06141663,126.05180359,87.81999207,-145.22604370,3.98468900,57.52901840,112.25439453,-29.83712006,68.98069000,185.52648926,-226.62893677,-222.82469177,228.24736023,-16.99743462,228.82872009,110.06082153,95.51712799,-95.10005188,201.86659241,-172.42430115,-19.77337074,200.05731201,-236.77432251,-264.39361572,3.27166438,73.51985931,67.78788757,64.49071503,-29.73307228,65.43045044,137.95973206,-63.30181122,-133.82308960,-1.98670828,-35.74033356,116.63368225,131.77825928,89.39337921,-161.78370667,-316.10739136,172.33283997,49.49531555,10.43636131,3.55399656,-115.08867645,-72.15328979,112.62580109,143.11715698,-147.47825623,-235.73442078,147.29895020,45.31723022,-115.05356598,-118.71995544,-225.13897705,-74.79875183,-117.43776703,20.10140800,133.21290588,-160.16864014,67.89778900,-5.75056791,-6.18028402,-193.62702942,168.10774231,76.49475861,14.17429161,51.60826874,70.05383301,122.27882385,6.81481552,-174.87605286,82.67855072,-43.70483017,-140.65657043,18.55115891,53.93670654,103.16011047,-142.46545410,-24.42247391,-60.64577484,33.88708496,-119.37068176,8.63375759,-18.90784264,-205.01539612,-190.23516846,141.59881592,167.41255188,-165.73690796,-176.53578186,-35.46592331,180.67524719,5.90369844,34.62271500,63.61363602,-38.73465729,227.50302124,79.62466431,63.06290436
128.79682922,-154.71713257,-1.20499265,-184.99543762,94.38081360,55.54401016,-82.77231598,-28.11395264,-42.46307373,-4.08080101,33.98349380,1.68120623,54.31951141,101.65987396,44.38655853,91.68738556,-103.01126862,274.61645508,-14.02862072,66.86584473,-128.29771423,77.21169281,-211.11824036,-326.10171509,88.31307220,132.86576843,163.11929321,140.30682373,-158.95516968,140.57312012,93.87082672,-139.72203064,-4.54639530,44.89563751,100.32338715,-41.17411804,51.16085815,194.52734375,-223.59391785,-223.82194519,238.47357178,-35.87461472,228.43406677,109.45330048,96.35923767,-93.18727112,217.95487976,-182.48643494,-20.19487000,193.80578613,-253.06072998,-265.22418213,-5.90691137,69.10323334,76.50814819,48.80070496,-20.04341125,73.62020874,146.29554749,-71.77289581,-138.23648071,-3.93578625,-31.21259689,120.07350922,127.51161194,94.75882721,-185.35250854,-316.45190430,165.91473389,64.73064423,-1.22800219,21.78377724,-105.85688782,-85.78439331,123.40575409,141.48400879,-149.30400085,-246.85542297,148.85514832,51.68094635,-112.13287354,-119.17098236,-231.94639587,-68.24605560,-120.63629913,28.99836159,121.61938477,-170.86488342,61.02235031,11.07350349,5.43078184,-183.13211060,183.51545715,66.97208405,16.58042145,39.01841354,61.48836517,133.90130615,14.81377602,-168.17942810,77.70584869,-36.24095917,-136.83596802,39.56130219,41.79047775,119.79872131,-133.01121521,-21.24176979,-56.25241089,35.25209427,-109.73580933,19.13980675,-17.50608444,-209.57630920,-208.74098206,167.11149597,159.75628662,-168.96318054,-173.45492554,-20.69924736,187.07034302,-1.55834198,16.51363564,63.25240326,-41.50482559,250.91590881,80.56797028,61.07316589
144.22994995,-152.47767639,24.87198830,-176.60536194,114.08053589,32.32988739,-62.97042465,48.99441910,-35.57904816,-57.70803070,47.62012863,-5.30907202,14.89291477,82.53427887,41.40090179,86.01950836,-84.71668243,250.29263306,-53.13552856,56.49723434,-124.35924530,79.27015686,-205.35650635,-322.24490356,97.24555206,84.76592255,174.28182983,125.14365387,-149.47535706,128.88906860,77.61763763,-136.22543335,-16.65834427,60.09226227,88.57353973,-53.36170578,50.68585968,162.21951294,-214.79664612,-200.61924744,219.74415588,-38.43659210,220.77328491,120.85005188,98.65941620,-90.32288361,243.35395813,-201.61380005,-8.80348587,165.56031799,-264.65161133,-279.52416992,19.28760910,62.33173752,98.47524261,39.31020355,-1.45017135,34.09426498,129.78140259,-60.77707291,-61.86699295,-15.07255554,-28.03812408,110.78352356,62.34773636,155.27064514,-202.66839600,-304.53097534,160.90263367,43.15224075,-16.70902824,-33.67920685,-133.41519165,-102.41683197,128.37309265,136.74681091,-151.69651794,-250.39100647,138.22496033,91.22624969,-82.40884399,-114.35076141,-231.02552795,-37.87254715,-79.31576538,-1.29523277,120.98882294,-164.33575439,87.49962616,-11.37493324,31.05567932,-161.92039490,225.49890137,40.82517242,6.85734272,27.69804764,38.18833923,127.93785858,-12.10403252,-172.36909485,88.03897858,-27.69567108,-131.38197327,21.59682083,71.67031097,129.50057983,-114.60899353,-15.49088764,-83.97748566,69.28620148,-95.24307251,4.42608452,-4.55776548,-213.86927795,-210.44496155,146.29270935,119.20830536,-175.01092529,-200.00503540,-10.38010693,196.06819153,-29.82354927,58.13894272,85.02734375,-30.66236687,269.39511108,73.28486633,39.22404099
152.73329163,-97.77754211,17.04587555,-126.73622894,124.22852325,17.86311722,-11.20583439,83.04698944,-61.31634140,-79.00092316,91.28077698,17.76629829,-43.58896255,23.55433655,46.47432327,44.79293442,-56.88990784,175.01994324,-95.54389954,44.32283783,-72.78498840,40.90842438,-132.65304565,-270.56588745,58.83568573,47.86542892,186.25927734,93.77108765,-126.54640198,119.74922943,13.32609844,-107.89895630,-36.76382446,52.34786224,28.25477982,-67.47825623,2.91856527,142.53417969,-136.58486938,-140.62626648,173.02214050,-40.53100586,182.04779053,95.62544250,49.42870712,-63.71721268,224.35125732,-198.64653015,19.88256073,113.53156281,-235.78181458,-245.76449585,49.13303757,15.68660450,125.11935425,-6.96957588,18.53990555,32.72885132,68.78476715,-18.84632492,-8.39113617,-22.39604378,4.53438473,67.38380432,17.21711349,153.78533936,-194.01380920,-187.04608154,115.48397064,6.27670097,-60.60464096,-28.96611023,-101.81886292,-79.53699493,122.38665009,80.67049408,-95.52413940,-241.01217651,91.16704559,126.45078278,-12.36785603,-55.51527023,-192.86317444,13.58511639,-31.94728661,4.55520773,86.46168518,-170.51416016,104.37683868,6.59646416,48.62378311,-100.35664368,228.42453003,-13.70360565,-18.33874702,-13.43046284,18.97989082,72.56581879,-0.90636164,-105.65405273,83.71035004,-32.79259109,-74.26235199,21.68117905,34.88841248,139.15814209,-75.92277527,-29.61072731,-51.81544113,97.16624451,-29.94986343,-9.96237469,24.13113213,-184.34576416,-179.07179260,122.66289520,57.25715637,-169.12393188,-189.04435730,1.47155046,135.20907593,-63.94178391,27.80246544,114.33144379,-33.88229752,249.98876953,27.83032227,-16.32194328
124.19738007,-147.14749146,14.92568779,-167.42840576,85.25392151,67.67139435,-80.83814240,-12.38539314,-35.04987335,3.58729601,23.78835106,-0.06315297,28.37299347,90.13520050,39.36697769,113.91463470,-117.82832336,217.64476013,-22.39818764,28.42479897,-110.40571594,54.00139236,-183.08009338,-277.03485107,91.42404175,112.19328308,144.70156860,155.10417175,-143.50804138,104.87277222,95.75775909,-145.39703369,-17.44902229,65.11009979,97.18831635,-47.05123520,64.97580719,156.53233337,-207.56590271,-195.03015137,204.71540833,-11.85591125,212.18553162,101.28907776,81.02011871,-92.02164459,193.14945984,-162.70626831,-11.17431831,189.76898193,-221.44708252,-247.28988647,25.86335373,67.36593628,64.29238129,54.82594299,-9.60757065,36.06322861,131.45454407,-56.80572510,-93.01312256,-0.17052905,-34.79127121,111.45987701,106.94450378,92.69575500,-160.37931824,-310.07415771,179.87924194,40.67904663,3.52792168,-21.14551544,-113.17054749,-67.19972992,97.11205292,134.48521423,-170.34864807,-210.31727600,140.24929810,50.77978516,-93.64160156,-111.49237061,-196.49833679,-56.66131210,-101.25440216,20.25282669,128.23876953,-136.19216919,87.04585266,-17.75767326,13.05076408,-186.58091736,171.19474792,56.69578934,21.25056267,35.63761139,74.93740082,123.55313873,6.37406063,-156.61489868,76.52295685,-46.75140762,-132.63830566,5.09301758,70.36399078,97.94589233,-137.69882202,-27.76260185,-70.01023865,57.19320679,-99.56517029,-7.09130764,-18.60700417,-198.41418457,-174.91932678,119.10379028,146.40069580,-150.71202087,-163.78576660,-29.09711075,176.09663391,-20.81928062,58.91044617,72.51954651,-33.42455673,218.25407410,73.83333588,63.84630203
153.18951416,-133.31469727,17.79487038,-171.32460022,120.23146820,51.01681137,-50.60251236,2.94831109,-39.27611923,-26.27684593,63.06042480,14.46549892,11.73365688,64.58631897,66.49051666,77.82405853,-96.48999023,244.41860962,-52.78693008,54.28361893,-92.97808838,56.59233475,-180.08453369,-306.60305786,55.42766571,100.97784424,183.82695007,131.39231873,-132.28047180,141.26184082,55.02581787,-136.08810425,-4.06603193,64.74160767,69.63880920,-38.67485046,33.07531357,176.90461731,-177.28977966,-207.62483215,205.40919495,-20.22780418,226.86587524,122.43095398,73.25042725,-78.57620239,223.89373779,-203.97280884,6.70780516,173.39884949,-258.66403198,-280.70611572,25.83840179,32.71543884,108.10521698,35.95286560,-20.31635857,70.07720947,100.12834930,-32.37379837,-88.28123474,-24.57820702,-1.30907953,80.45893097,94.94515991,112.10791016,-188.77178955,-264.18850708,144.75671387,26.92951584,-31.43610573,-8.58084202,-114.17632294,-64.09959412,137.32308960,97.54061127,-118.79080963,-256.49215698,112.64108276,101.14972687,-65.90819550,-74.38412476,-233.23133850,-36.18252182,-78.83457184,12.55283165,125.52868652,-173.60540771,77.78351593,8.33556747,2.60250020,-163.60403442,207.67787170,37.09991455,-16.70518303,20.30961800,50.84887695,98.81118011,17.21582794,-145.55621338,101.80950928,-48.94865799,-96.01102448,21.69061470,44.54988098,133.07424927,-123.42788696,-37.58420181,-62.65609360,70.55682373,-83.45182037,-6.47658634,17.68118286,-186.46955872,-209.84751892,149.76707458,136.60035706,-192.52247620,-206.87532043,-31.29154205,166.11921692,-26.51953506,15.31909275,77.43680573,-57.73978806,253.84451294,41.73624802,12.64303207
119.11655426,-159.18296814,18.79804611,-162.19729614,98.11274719,49.09895706,-74.96118927,28.96360016,-28.85256195,-34.16725159,31.45644569,-5.29426193,28.39339256,89.64533234,27.60347176,109.86711884,-97.03591156,222.54539490,-25.91520309,40.45224762,-127.85060120,75.32864380,-200.06773376,-275.77728271,101.27865601,87.49628448,144.45079041,137.69511414,-143.88522339,108.99472809,102.76998138,-132.74697876,-19.24382973,56.81403732,92.15901947,-50.96681213,61.61957550,148.10145569,-211.46737671,-184.60565186,204.85140991,-29.33048439,200.55357361,100.00717926,98.08632660,-96.92726898,196.87486267,-174.38726807,-26.71351433,164.34504700,-225.51628113,-246.00346375,11.15902710,76.11368561,80.81396484,47.70521927,0.16434036,16.30475235,135.90950012,-69.28188324,-59.63299179,7.68357229,-45.52960968,116.95932007,62.92772675,129.19633484,-176.52578735,-306.68774414,169.89245605,47.24332428,1.97170985,-38.07017136,-121.06973267,-89.10478210,92.43567657,142.93540955,-164.95138550,-212.50619507,144.92999268,60.68098068,-93.62970734,-119.31847382,-191.29167175,-51.97021866,-90.98188782,5.21623325,119.40293121,-137.00056458,86.56554413,-15.97244358,30.51848793,-165.18164062,184.95542908,49.11723709,25.74563408,30.44858742,52.87650681,139.09370422,-8.79772758,-163.59658813,69.61540985,-21.86217308,-133.39747620,10.53140640,76.97129059,108.88185883,-116.29232788,-16.54284286,-84.20928955,63.29736328,-97.43161011,14.49832726,-28.36895180,-200.25527954,-179.48027039,124.16395569,124.44392395,-152.74885559,-169.96366882,-10.95604610,186.72158813,-28.96336937,69.73870850,69.84356689,-19.01599884,230.45825195,86.18817902,61.92792511
131.03691101,-102.93615723,14.13447952,-152.09019470,116.96258545,55.44199753,-60.36531830,6.68143129,-56.40504456,-17.33039284,49.65272141,3.23738575,13.25677013,67.89431000,44.20081711,67.33700562,-90.41135406,199.50100708,-36.19640350,35.54961395,-74.39721680,47.09033203,-146.69770813,-267.65353394,68.41670990,105.07215118,158.57278442,119.45964050,-140.54902649,101.83995056,34.34382629,-126.18699646,-4.17061853,61.05577087,73.32384491,-35.02204132,44.42888260,161.69358826,-172.61210632,-176.26020813,196.12330627,-12.81948376,197.42910767,90.63214111,65.94033813,-88.09982300,178.58113098,-165.68376160,-7.36713600,156.44670105,-210.66044617,-241.53990173,23.29239845,42.00247192,86.90308380,40.10863876,-19.43117905,51.00151062,77.27116394,-31.31833649,-81.03462982,0.14447077,-18.77852631,83.07688904,79.49934387,96.73670197,-150.89195251,-220.81025696,138.02549744,11.93058681,-14.51561069,-15.83782291,-100.54227448,-51.80622864,99.84388733,103.12502289,-100.70195770,-227.16743469,120.45951843,74.37526703,-65.80952454,-75.21440125,-189.91973877,-43.49076462,-84.70133209,11.60432053,112.73426056,-155.12629700,81.32281494,-2.41053796,3.16507363,-145.14889526,171.41490173,42.31117249,-9.00652885,30.30841255,55.46488953,82.75820923,4.22490597,-125.55593109,81.51460266,-38.22828293,-104.81881714,4.51687717,37.05098724,100.53987122,-113.55801392,-32.75092316,-45.74749374,57.51932526,-78.46071625,2.56629181,-2.58467722,-185.35995483,-162.93914795,115.38610840,120.51681519,-157.70439148,-173.03952026,-25.59992790,134.10560608,-17.89038849,28.47553253,83.94422150,-36.05512238,204.90304565,50.26561356,22.79723167
181.13803101,-343.87109375,19.11945152,-215.24745178,163.91261292,74.81942749,-95.21517181,193.42849731,-70.95315552,-164.13026428,-8.30172443,35.48841858,16.46426582,135.81091309,-33.47141647,298.19769287,-171.11708069,431.45446777,-45.94586182,84.94929504,-378.19506836,188.68467712,-443.98376465,-415.23504639,272.68576050,79.07241058,243.92623901,313.21020508,-304.51864624,267.33715820,332.75915527,-210.05415344,-129.39312744,36.98800278,135.09431458,-185.20381165,101.18672180,269.99746704,-440.73397827,-246.67106628,372.59243774,-173.57638550,307.74047852,111.76018524,234.14389038,-264.69711304,320.66278076,-373.69393921,-162.89778137,246.96278381,-349.24548340,-367.50515747,-27.98278427,258.03207397,172.13372803,52.48280334,130.11927795,-137.58140564,373.11856079,-278.55325317,-20.72935104,155.57560730,-214.51658630,311.03054810,-61.96374893,319.79385376,-424.80892944,-561.82092285,465.47598267,210.30564880,13.80064011,-103.27995300,-231.40690613,-318.92550659,30.05729485,375.42868042,-391.66177368,-330.90414429,326.97543335,70.58761597,-177.39288330,-378.40985107,-214.78771973,-155.85671997,-162.04055786,-21.18228912,191.99372864,-236.47935486,176.72113037,-43.71680450,202.79847717,-290.79583740,286.37609863,19.79029846,180.44438171,-72.88327026,79.26494598,395.99703979,-26.04170609,-328.38079834,43.69274139,85.89981842,-245.39424133,52.01704407,222.96051025,307.02560425,-146.99142456,-38.15396881,-217.49877930,199.98178101,-146.06059265,132.41819763,-204.27775574,-408.56149292,-269.85598755,269.66870117,163.17758179,-246.03732300,-242.09501648,113.03005219,389.81222534,-186.52059937,222.32073975,163.47819519,63.60214615,458.36154175,289.23425293,231.92747498
111.37960052,-244.83874512,-3.70382619,-141.21089172,84.47480011,135.58927917,-131.46046448,43.58592606,-71.95580292,-6.79662085,-48.52280045,9.12658310,44.57003021,136.77694702,-33.36114502,275.98620605,-193.72529602,298.31762695,18.55471230,-4.54792881,-270.44097900,99.03382874,-297.24954224,-257.58386230,212.54949951,115.48263550,132.74949646,288.52746582,-248.03909302,159.22779846,276.35882568,-176.32492065,-103.69712830,43.24387360,139.60438538,-135.81524658,136.70246887,194.71563721,-346.26803589,-168.92781067,286.80667114,-70.23024750,229.64480591,41.31113052,151.36895752,-210.09678650,132.63163757,-205.04449463,-128.70216370,226.80094910,-179.73289490,-251.33886719,-2.52260184,209.27729797,80.57049561,83.33265686,90.18135834,-119.13449860,289.20306396,-208.93276978,-53.42314911,148.47717285,-184.02285767,249.04010010,24.88658905,138.38529968,-222.38690186,-474.56127930,390.59094238,153.31024170,67.08911896,-87.24979401,-131.91175842,-170.47526550,-41.28007126,294.79043579,-340.97509766,-203.28048706,273.18026733,-11.10914230,-166.38999939,-282.68087769,-105.20434570,-143.53242493,-171.92576599,23.53155708,167.42074585,-144.05943298,140.63870239,-50.55410767,123.22003174,-275.80068970,115.61363983,61.52892303,163.07508850,-5.36775064,135.69183350,304.25491333,-24.01359749,-207.93125916,21.87294960,27.99917412,-217.36788940,-14.32672596,172.64404297,153.94865417,-164.94931030,-46.64714050,-124.91235352,127.77494049,-129.66526794,75.47454834,-179.04049683,-306.35879517,-119.67658234,141.41537476,177.39053345,-148.97671509,-137.75993347,54.97551727,232.76641846,-112.03745270,203.44120789,106.54585266,52.34355164,243.36672974,226.37362671,222.61251831
116.90065765,-216.65800476,-9.59285259,-135.35202026,96.16767120,135.19293213,-125.13227844,31.27239609,-84.48233795,-0.91663396,-33.16335678,15.25884628,43.21059036,127.16619873,-25.13978386,254.80517578,-188.90434265,283.52935791,20.66353035,-0.76632404,-244.92733765,87.76591492,-275.49093628,-254.52114868,193.41886902,126.96188354,144.28695679,275.26351929,-246.60540771,155.62280273,247.13154602,-172.72340393,-99.97058868,42.65685272,130.14520264,-131.12950134,123.63260651,204.73306274,-325.90011597,-166.28022766,283.41900635,-64.95585632,229.19842529,37.83373642,137.17687988,-208.97309875,134.80030823,-207.25146484,-122.36734009,221.94789124,-179.47334290,-247.92553711,-3.65794110,194.03889465,85.31044006,75.87286377,83.87177277,-94.13829803,264.89996338,-189.52857971,-64.76683044,140.45616150,-170.98069763,234.32250977,34.27348709,122.31670380,-215.47177124,-431.87963867,363.87200928,140.13375854,58.08084106,-69.29709625,-120.41349792,-152.83374023,-31.08469391,274.34140015,-309.93811035,-212.47149658,263.03952026,-5.78026152,-157.36932373,-259.28756714,-110.10409546,-141.49351501,-174.57447815,31.68203926,163.12719727,-154.71008301,137.73991394,-39.77798462,113.87602234,-261.66986084,114.66361237,59.00863647,147.60536194,-8.71945858,134.29684448,276.63088989,-9.46209335,-190.81733704,23.56535530,21.87703323,-202.43927002,-10.61891365,145.64694214,155.16540527,-161.02496338,-54.70021057,-101.85094452,120.16186523,-120.50154877,74.80695343,-166.57563782,-300.98364258,-122.61473083,145.20623779,174.07148743,-155.77702332,-138.29461670,49.06791687,213.65170288,-106.58039093,170.61422729,116.12708282,43.43411636,237.97155762,210.14996338,205.18643188
155.46624756,-311.40640259,35.16481400,-182.84205627,138.97196960,109.23625946,-104.23453522,169.92942810,-61.02426147,-112.07472229,-54.32855606,28.25055504,3.84723663,128.81529236,-43.94200516,316.65744019,-202.11874390,342.63815308,-30.84328651,15.90660000,-334.50012207,147.40095520,-381.01843262,-318.20620728,266.07202148,69.31375122,193.50341797,330.18945312,-272.45748901,198.79263306,321.63284302,-210.68220520,-124.29069519,58.75684738,140.97154236,-165.90995789,129.19584656,218.67993164,-412.96884155,-200.71781921,318.22079468,-120.83329010,266.88232422,83.23246002,202.34082031,-257.46160889,237.56602478,-305.50210571,-156.68122864,243.82218933,-265.43246460,-312.29589844,4.56621552,255.86592102,115.26667023,76.18563080,124.92071533,-175.48619080,334.64224243,-253.96769714,10.86509991,165.27275085,-220.88241577,282.42117310,-59.15659714,267.32333374,-346.96664429,-510.65765381,473.45819092,173.18159485,39.85418701,-144.40653992,-215.60508728,-261.82965088,-25.95047379,357.46151733,-389.73379517,-256.36126709,308.76049805,27.25845146,-165.35263062,-361.79199219,-138.02188110,-155.58998108,-148.51834106,-27.53087997,198.63639832,-171.90837097,189.29290771,-85.66958618,186.20503235,-300.04934692,209.22592163,22.71187019,181.68331909,-55.69273758,116.37009430,362.32601929,-30.83071518,-291.85836792,33.23096848,64.98674774,-236.46679688,-5.86614227,246.83972168,240.79124451,-161.01438904,-46.59986496,-214.24005127,195.30415344,-140.67170715,102.53916168,-216.90460205,-367.98248291,-190.08865356,183.40859985,157.75289917,-199.67118835,-200.67179871,89.46160126,339.64016724,-181.03805542,261.89566040,158.42871094,75.22970581,365.21960449,280.66403198,238.18061829
137.44404602,-193.43215942,17.59691048,-141.81896973,106.72313690,165.55456543,-127.79684448,18.25154495,-85.53918457,28.03358078,-32.32149506,21.21534920,20.10710907,110.77448273,-5.18409920,259.75204468,-214.20823669,237.66813660,8.76182938,-50.06851578,-197.17366028,47.39220428,-228.39906311,-224.98359680,170.66688538,131.33479309,150.81184387,290.48083496,-231.04301453,129.07150269,217.68495178,-195.04513550,-83.51510620,81.59362793,128.42242432,-113.49446869,140.08946228,189.89797974,-306.24786377,-165.15075684,259.42150879,-15.81668186,236.23297119,48.14282227,111.27868652,-211.64881897,111.17382050,-202.64788818,-99.70273590,241.05334473,-161.60389709,-254.22766113,36.68147278,174.92474365,89.93564606,97.43436432,64.96973419,-87.95224762,221.74380493,-148.24786377,-46.99568939,126.66563416,-157.37715149,198.83267212,45.11238098,102.29105377,-181.40937805,-396.28857422,366.46881104,92.86554718,58.09712601,-108.75906372,-136.00639343,-105.47906494,-36.16363907,249.46945190,-292.28350830,-202.30119324,246.79901123,10.47126007,-136.29592896,-227.37550354,-107.65026093,-134.79244995,-159.74055481,16.64817047,190.74359131,-143.29675293,171.70349121,-66.36300659,87.23931122,-280.12722778,106.61838531,58.02596283,117.69398499,-3.77438116,164.48979187,238.81317139,-5.03663540,-173.72273254,50.51713181,-12.87406445,-185.23530579,-58.67381668,162.24830627,137.29962158,-190.47685242,-85.26262665,-109.10382080,140.29132080,-119.23199463,40.84925079,-147.71496582,-285.89080811,-96.64628601,97.35400391,190.63558960,-166.90307617,-157.97229004,10.87129021,190.30447388,-111.34996033,181.56840515,131.32188416,28.98038673,203.92919922,185.88035583,177.88093567
187.40382385,-302.22421265,15.03117752,-189.89227295,159.13095093,127.88024902,-96.15422058,125.21226501,-91.99066925,-90.41981506,-9.03246975,57.98664474,1.42085159,114.00731659,-16.85192108,310.03439331,-213.19769287,374.78417969,-37.68851852,31.06504631,-326.12695312,127.69058990,-377.36834717,-353.48999023,237.42283630,108.23713684,237.77459717,342.90100098,-294.17367554,249.87365723,306.06576538,-225.33634949,-126.99133301,55.55560684,118.85148621,-176.46798706,106.33881378,274.81597900,-401.09014893,-226.36132812,351.31777954,-124.00121307,301.61480713,90.82392120,183.75862122,-269.74072266,253.47459412,-343.63885498,-143.71200562,270.42697144,-294.93124390,-342.83309937,7.72712946,233.57643127,165.47328186,66.51216125,119.42647552,-117.75015259,335.81481934,-243.60218811,-33.41584778,158.71096802,-199.77389526,279.13357544,-13.88170624,239.75968933,-365.38247681,-512.40618896,471.93481445,177.99562073,16.89038086,-105.09411621,-198.34349060,-251.30258179,1.75078630,339.65493774,-369.46722412,-311.01736450,308.84017944,57.23401642,-156.90695190,-339.24597168,-175.83932495,-162.66333008,-168.26094055,-0.42649707,205.81697083,-228.81427002,199.09194946,-44.58477402,176.08357239,-309.40509033,225.23936462,19.77255821,166.03640747,-76.96861267,131.47059631,356.73483276,6.78399897,-271.33779907,49.48935318,42.06561661,-214.83396912,10.12210846,204.73034668,281.29592896,-179.08021545,-79.36441803,-183.40780640,209.02326965,-128.95697021,103.99244690,-194.66363525,-386.00009155,-214.79855347,226.71966553,186.87104797,-242.96011353,-225.25277710,81.97614288,323.64529419,-192.12434387,202.12663269,177.71644592,46.07144928,392.67794800,261.39575195,218.57110596
105.78046417,-234.01510620,-1.32017136,-138.61645508,91.50895691,132.05261230,-139.17332458,59.70823288,-78.76233673,-13.77092934,-56.43129730,-4.68227243,50.13913345,143.34362793,-44.67015457,263.52597046,-181.31971741,284.05725098,25.57344437,-9.60674381,-266.84622192,103.77816010,-291.64700317,-248.15809631,222.39320374,106.83222961,125.89537811,275.17462158,-251.99085999,144.25022888,267.66882324,-170.79428101,-98.30032349,44.07109833,147.67887878,-129.62173462,146.87037659,184.03575134,-348.14767456,-159.31883240,280.02996826,-67.70186615,221.45478821,32.70682907,160.04519653,-214.47697449,121.73919678,-194.27688599,-138.22001648,212.23474121,-164.77209473,-241.79692078,-9.63891983,220.03031921,74.52674103,87.75258636,88.09981537,-134.46786499,277.96682739,-209.55586243,-36.41174316,157.39746094,-196.62315369,249.16488647,1.51395655,148.00361633,-206.77014160,-453.19515991,383.53121948,146.85090637,78.21205139,-99.68435669,-134.42684937,-169.36766052,-53.75441742,303.10784912,-325.04644775,-193.37873840,277.96026611,-17.47441864,-171.32215881,-287.44610596,-96.52876282,-145.71392822,-168.66844177,13.67422199,165.15002441,-137.41845703,142.47593689,-57.77667236,121.08791351,-264.80606079,108.49382019,66.56633759,162.64926147,4.41858912,131.88191223,300.63259888,-42.38637543,-205.30877686,19.05001450,39.17673492,-226.73193359,-22.10139847,174.87399292,142.17121887,-156.97172546,-39.42447281,-123.44297791,120.03987885,-134.53359985,82.39850616,-188.91427612,-305.36154175,-103.75557709,127.17599487,169.59077454,-138.40220642,-133.60899353,55.60082245,225.20243835,-104.44648743,212.28736877,103.56668854,65.45149231,228.63581848,235.04557800,225.57806396
136.69876099,-316.77554321,-3.72115064,-179.64337158,117.32479095,127.62953949,-127.49211121,111.73217010,-77.81623840,-68.15176392,-52.41489410,25.84706879,35.84319687,144.86883545,-50.10879135,321.72128296,-210.80172729,369.21551514,1.24309444,25.02638817,-349.01031494,143.01617432,-385.43295288,-327.93627930,267.48971558,110.15062714,178.26579285,340.31362915,-295.35827637,222.07276917,342.74670410,-208.97338867,-129.49696350,38.37559891,146.81143188,-169.31809998,136.06919861,240.84529114,-418.98077393,-210.25047302,342.80010986,-120.66934204,267.00268555,62.02908707,204.34460449,-266.85006714,207.03242493,-282.18853760,-168.01486206,259.29034424,-245.45719910,-298.48760986,-15.33726406,262.87313843,116.09934998,82.43360901,119.46533966,-152.06106567,366.09909058,-268.29983521,-43.72318649,182.30534363,-227.55728149,309.29019165,-6.52795839,222.31578064,-319.62387085,-557.77899170,477.83810425,199.49673462,58.74730682,-94.98300934,-178.83805847,-252.27128601,-38.51176071,365.59979248,-402.62829590,-254.86798096,325.23004150,3.58387375,-187.78889465,-365.90798950,-136.20515442,-185.14225769,-185.19462585,8.76534367,191.56788635,-187.27290344,167.25273132,-48.36793518,175.58979797,-310.59146118,169.23147583,50.24024582,205.08779907,-47.68246078,131.36822510,379.26406860,-21.01987648,-279.95758057,14.12455750,58.21877289,-247.28077698,9.44445992,208.95030212,231.19955444,-171.25956726,-49.37982559,-177.52699280,170.95141602,-150.54455566,112.43608093,-225.04051208,-378.32998657,-173.02720642,201.93399048,186.72541809,-189.07742310,-173.59799194,85.66857910,319.11221313,-161.49664307,237.02795410,140.82608032,73.27764893,340.04632568,288.29019165,268.70223999
110.43746185,-123.57180786,27.56101418,-161.85363770,70.59262085,78.60782623,-87.65892029,-47.06937790,-19.03986931,35.36426544,3.70020390,-7.01087046,38.60969543,94.61489868,42.79593277,111.24639893,-122.34661865,207.61506653,-12.72379684,15.77661514,-80.08601379,35.91498947,-155.74880981,-251.60520935,77.11203003,112.18078613,120.41549683,144.68295288,-115.29598999,81.70523071,81.79100037,-138.21015930,4.47088671,70.30372620,107.01799011,-22.84638977,72.56362152,140.01486206,-197.04208374,-181.86375427,179.16146851,14.01953888,196.26829529,99.42699432,64.82917023,-72.39477539,171.62617493,-135.04550171,-1.06384671,185.36206055,-202.34651184,-221.97546387,26.00271225,58.34121704,32.88538742,67.73615265,-26.81255913,45.57632065,107.86555481,-34.79489517,-105.70967102,-19.17431450,-25.34322357,86.25161743,126.04050446,56.51700974,-124.95533752,-278.12731934,154.96543884,24.83692932,13.41830921,-18.98925591,-113.37648010,-33.61194229,94.13291168,117.79323578,-151.30787659,-183.00900269,121.97642517,30.47747231,-98.88002014,-95.24598694,-185.55825806,-46.09299850,-93.47772217,11.44199657,126.54557037,-109.09193420,80.56102753,-34.07624435,-11.82399559,-184.56831360,145.81471252,65.03871155,5.68972635,55.28599167,84.67765045,92.30240631,7.63187075,-146.58117676,74.83044434,-59.55435181,-127.75737000,-5.02876663,70.06634521,66.89195251,-141.44380188,-31.33825684,-65.05199432,35.68218231,-102.82306671,-16.29055405,-11.03615856,-162.40603638,-159.07360840,99.69989777,149.40016174,-135.58154297,-149.14939880,-51.95439911,155.28132629,4.58568239,52.07911682,54.02816772,-37.22711563,189.62396240,63.00141907,53.86121750
64.56365967,-56.13722610,1.24620271,-116.79027557,75.76803589,-27.42195892,-52.37309265,90.93538666,-38.21334457,-80.54760742,35.03538895,-43.50450134,9.58505058,70.41146851,-13.63034534,0.56734288,-13.77613640,163.69728088,-32.09969711,50.21406555,-65.42755127,68.12521362,-128.46136475,-250.44598389,101.94010162,46.66876221,97.51123810,32.95003510,-120.81910706,51.46569061,-6.23476076,-63.25631332,-8.42949104,28.74062920,69.95873260,-25.25878143,41.74934387,84.92646790,-158.18008423,-109.33177948,161.05705261,-39.13855743,100.56684875,55.03320694,73.96187592,-63.38450241,191.53556824,-91.77046967,-10.26469421,66.00061798,-169.19123840,-154.04087830,6.11977720,57.29012299,33.41825104,21.70723534,-9.69960022,6.70673084,66.21256256,-37.38449860,-26.89849091,-8.41759682,-30.41094780,94.19752502,7.93801641,151.70552063,-110.66360474,-182.51121521,63.66052246,0.57367671,0.60974401,-6.71524954,-81.92263794,-86.92633057,86.58437347,116.53772736,-73.09438324,-157.26638794,109.76296234,41.67790985,-59.14698792,-88.81511688,-143.81871033,-6.65605688,-51.47050858,-9.28157711,44.89627838,-103.73446655,54.21152496,-2.07359362,30.17200851,-57.92936707,166.04536438,35.47555161,9.66397381,46.77788162,-14.66010761,49.77445221,-48.20116043,-122.94931793,20.17848969,1.90476120,-119.54708099,18.24999237,27.31719017,45.86244583,-35.10832977,37.59637070,-41.12091827,12.91137886,-62.14759445,15.09492016,-12.35066700,-173.51959229,-127.79483795,76.76168060,27.31978035,-66.33101654,-100.48513031,3.58052111,125.85208130,8.18643856,58.96096802,74.61080933,17.39754105,171.73742676,66.78720856,24.85338783
123.59231567,-150.90232849,28.40164566,-164.70306396,78.70518494,52.02587891,-70.42044830,11.59366512,-20.01398849,-15.68549061,21.23697853,-1.53422558,15.73312092,85.86923218,34.09293365,120.93014526,-108.72161102,233.71994019,-41.50344849,35.46355057,-122.05536652,54.05606461,-191.13121033,-285.03054810,100.72209167,86.04940033,140.24371338,145.53015137,-129.33935547,104.89653778,103.35169220,-138.70442200,-22.73287201,61.37771225,94.06115723,-53.31605911,60.45550156,140.64709473,-212.81376648,-184.65550232,196.58515930,-23.14043045,200.02586365,107.65356445,78.57485962,-80.09540558,212.39312744,-166.41136169,-4.87916851,174.79664612,-234.70558167,-242.84559631,32.07101440,65.31747437,59.71623230,46.92347336,2.79295063,19.99724770,144.48394775,-58.94899750,-74.40760040,-14.98079395,-30.75683403,110.13450623,88.51692200,114.65703583,-174.95375061,-326.33514404,173.81367493,48.83161163,-4.75734472,-32.56694412,-130.07327271,-85.04843140,101.09519958,136.70919800,-184.94256592,-205.34094238,133.30546570,58.44366455,-87.85799408,-117.47285461,-196.11563110,-35.60785294,-79.86463928,4.46382999,119.58852386,-125.24716187,96.28013611,-31.00247955,29.29855728,-174.35227966,189.50042725,43.32060623,21.55630684,30.42771721,60.98036957,129.03158569,-2.57660127,-165.86303711,71.58206940,-42.96099091,-134.79066467,11.32152176,87.49831390,99.98898315,-124.37052917,-20.60194397,-90.20217896,64.99163818,-91.47978210,-9.24726677,-14.81094837,-193.77372742,-182.38410950,121.12950897,124.12420654,-145.68656921,-165.30201721,-21.07167244,190.78637695,-29.56752586,78.72294617,79.14881134,-26.35610771,240.02882385,74.65071106,57.38314819
107.14493561,-90.41680145,24.38130188,-134.78289795,73.16934967,16.22722626,-48.23711395,38.06508636,-25.94275856,-36.23861313,44.10335541,-9.82544231,-6.62434959,58.46500778,28.49333000,55.88076401,-61.96292877,174.47463989,-54.58840179,33.99421692,-72.17453766,39.98277664,-134.79069519,-257.36596680,77.49669647,63.03744125,126.47609711,84.57713318,-107.37519073,77.00940704,30.26814270,-100.07715607,-15.86849308,50.20511246,65.39617920,-41.87957001,38.27846909,110.09291077,-156.53849792,-140.15049744,164.91699219,-19.49688911,154.42970276,93.31958008,52.68616867,-53.91489029,209.92695618,-132.51429749,16.64053917,119.64843750,-209.16053772,-202.39505005,38.30276489,32.45417023,51.80769348,26.08862877,-2.54935026,30.17761421,85.21627808,-25.81389809,-46.90750504,-37.30892944,-5.52716780,78.82250977,59.09131241,118.08073425,-136.86587524,-228.91613770,102.63124847,13.29184055,-19.15948296,-21.94639778,-106.79151154,-67.99452209,111.00437164,96.93618011,-120.76541138,-183.43714905,99.03932953,68.35848999,-49.36157227,-74.19073486,-179.49815369,0.32842514,-50.82759476,-0.47314742,78.82823944,-113.48359680,80.10449219,-19.82432747,24.48025513,-111.63034058,187.85787964,26.77295685,-2.71310353,29.42030907,27.01673508,68.51182556,-12.55824280,-126.37250519,59.54600525,-38.73664093,-105.98146057,11.16275215,53.54630280,76.38180542,-82.05709076,-3.02746224,-61.77501678,47.01827240,-58.59080887,-17.86425972,14.49386883,-167.93830872,-159.89530945,90.15312195,71.67998505,-116.32082367,-141.08883667,-16.35194969,148.93516541,-16.09290314,49.84220886,78.73159027,-22.81663322,205.55645752,41.12738800,16.08914375
115.23757935,-85.96201324,44.78013992,-145.60775757,89.19489288,40.00312424,-58.49253082,25.65224457,-22.80867004,-17.18886375,24.05981255,-12.87256145,-3.13518596,64.43728638,32.59216309,70.32697296,-87.61264038,154.68176270,-49.26063538,10.88430882,-55.05777740,31.24350357,-125.83110809,-237.90708923,75.82741547,70.78276062,125.41204834,103.72838593,-101.17475891,53.14199448,29.57444382,-121.11952972,-1.87710667,77.02130890,78.21184540,-25.05249786,55.73534775,104.32852936,-159.64329529,-149.97978210,156.30468750,8.85596371,167.74951172,98.96457672,51.05126572,-64.65721893,187.50408936,-129.09739685,14.69281387,137.15245056,-197.85554504,-211.56225586,45.73786545,36.28181076,40.05131149,47.67808533,-18.90989876,22.98740387,63.34613419,-12.14150429,-48.57884979,-31.71919441,-10.01377487,64.50209045,64.74983978,102.47666931,-124.10871887,-215.78570557,118.40984344,-10.37204075,-9.12113762,-44.14234924,-121.40512848,-42.47472000,98.82788849,94.61092377,-117.71497345,-176.70175171,99.31226349,60.62304306,-55.67091370,-71.11888123,-171.80415344,-15.83323574,-53.10730743,-11.66199970,108.28855896,-100.38194275,94.16093445,-45.33193207,4.14967775,-137.51916504,171.09260559,34.45347595,-13.72040272,40.08377457,50.52286530,57.32793045,-13.78398132,-129.19442749,77.02632904,-48.62755203,-107.08969116,-16.26297379,72.05603790,63.33480835,-105.63790894,-13.83206558,-71.48574066,49.89862061,-72.03328705,-28.70071983,9.96988010,-159.70329285,-148.64857483,66.03390503,93.67774963,-122.08058929,-153.97637939,-39.42707062,141.79867554,-12.80009079,63.44834137,82.65050507,-24.26529884,188.10719299,40.74081421,16.23827553
131.39881897,-144.58081055,27.61672401,-174.38346863,72.21772766,71.55792236,-72.96232605,-42.93112564,-16.73819160,22.48766708,24.82524872,7.79331446,29.26541901,87.70385742,53.93936157,118.23036194,-124.35382080,244.77622986,-33.25791931,36.21692276,-98.49492645,38.29065323,-179.31690979,-289.91152954,76.87314606,115.79048157,148.10089111,154.52224731,-119.78559875,116.49114990,93.54855347,-148.18304443,-4.16585779,67.22685242,97.04840088,-35.14426804,54.44644928,161.10600281,-204.81547546,-202.44943237,194.28120422,-7.01675701,216.61495972,119.81948090,66.31775665,-69.76652527,208.28578186,-167.77836609,9.58812046,201.14535522,-243.04484558,-248.63116455,32.26455307,51.15444183,56.36185074,55.29076385,-20.07612991,63.28226852,131.39480591,-42.24737549,-113.79293823,-33.66996002,-14.19050217,92.64897156,141.01741028,72.24448395,-163.95324707,-317.40829468,163.34832764,39.74179459,-7.98084354,-9.35765934,-122.41778564,-58.52779770,118.32679749,120.42317200,-168.65946960,-213.49674988,121.30835724,55.22457504,-93.97458649,-101.31390381,-214.32801819,-37.08014297,-89.68183136,14.31844234,127.83274841,-134.00720215,92.12097931,-20.13965797,1.40847230,-189.18292236,181.52523804,53.91362000,5.00460339,38.26208878,79.01843262,107.58492279,22.46535492,-160.42802429,83.91883087,-65.83045959,-125.20200348,14.84645462,69.37577820,98.27715302,-145.76368713,-40.14847946,-74.35873413,52.82122040,-100.08728027,-17.52207756,0.88766563,-177.40013123,-191.91883850,133.52117920,151.83251953,-159.23043823,-169.63757324,-43.60647583,180.84452820,-11.39704704,41.19929886,68.62767792,-49.18352509,234.78507996,60.03863907,46.87138748
123.15381622,-123.41939545,23.60554695,-149.14356995,78.94055939,23.77148438,-48.09207535,36.39744568,-26.86957741,-42.44895172,43.42322159,-1.04729843,-1.73913884,63.85323334,31.03927803,80.95926666,-76.22292328,198.24044800,-56.82528687,44.86800003,-99.40185547,49.67037582,-163.55636597,-279.30664062,88.15084839,70.15597534,145.00256348,107.78366089,-120.60218048,98.27645111,65.71226501,-118.63448334,-26.75273514,52.03572083,69.76012421,-53.77097702,34.37597275,128.53370667,-182.02313232,-162.17924500,182.30647278,-32.75217056,180.07754517,105.00724792,66.91481018,-64.65015411,232.32583618,-161.55819702,10.87508774,142.49443054,-237.41667175,-224.51765442,34.48057938,46.62133026,64.47007751,23.77769661,7.00730848,30.66549110,115.48919678,-42.81051254,-55.71508789,-32.05992508,-15.02307129,92.80565643,65.47371674,127.56720734,-174.99951172,-269.14971924,130.12100220,33.34899902,-24.73487282,-19.10722733,-117.61928558,-88.32177734,118.84638214,117.52500916,-150.80221558,-202.48048401,114.83243561,72.62409210,-61.37945175,-96.78058624,-196.28855896,-10.93622208,-63.53356552,2.36526108,94.83840179,-127.67053223,96.73044586,-17.34593773,37.87559128,-133.51837158,210.10144043,23.16808128,6.67934608,17.03969955,35.64030838,97.50096130,-4.49282026,-144.93597412,65.66472626,-39.00810623,-116.71080780,23.92019653,63.80827332,102.10367584,-95.20488739,-13.18342113,-74.69190216,60.60149002,-66.78400421,-10.83086681,3.04152417,-187.09780884,-185.54798889,115.26056671,87.43055725,-136.30598450,-157.22361755,-11.63107872,179.33358765,-31.50584984,52.16250610,90.63285065,-24.55532455,243.17745972,58.49617386,30.29481697
143.08004761,-129.73187256,22.95970726,-167.34188843,93.01918030,75.89775848,-62.85309219,-42.43271637,-33.34046173,19.37488556,44.91639709,22.03469658,16.56095695,71.52072144,60.01385117,107.82917786,-123.12022400,223.81588745,-39.41970825,34.00086975,-83.75811768,30.82476044,-161.85139465,-280.91906738,60.31627274,120.20895386,162.30636597,153.59178162,-123.67021179,119.52269745,73.62367249,-148.70542908,-8.70457745,70.18888855,78.50501251,-38.69661713,42.27341080,170.97407532,-183.66676331,-197.68872070,195.94076538,-4.08496475,219.57032776,112.78399658,53.53017807,-76.21398163,198.67083740,-177.99777222,10.54545403,196.37223816,-237.24714661,-253.39476013,36.18601227,37.66973495,77.18008423,46.63383102,-19.65377808,72.45259857,107.76227570,-28.64433861,-113.01761627,-28.29685402,-6.53976822,80.44955444,131.80207825,67.29674530,-165.45872498,-277.18759155,156.89355469,26.02652168,-20.52028656,-4.47658920,-112.39210510,-46.65145493,118.25975800,103.28520966,-146.84957886,-227.48989868,115.13921356,71.42587280,-76.18052673,-79.72440338,-210.14857483,-35.15703964,-90.14736938,21.59601021,128.63610840,-148.28369141,96.46194458,-11.21079445,1.19919682,-180.70635986,182.07571411,43.22726059,-7.91137552,24.14282990,80.41915131,94.51947021,32.53357315,-138.73724365,89.51989746,-66.27661896,-105.19017792,11.91435623,54.25418854,110.35723877,-142.49224854,-53.65317917,-61.29280472,65.78928375,-84.01583099,-14.14238834,8.54463387,-178.41703796,-187.83735657,132.39512634,148.57447815,-172.91516113,-177.45869446,-43.25380325,159.33612061,-25.27978134,22.28183746,82.73192596,-54.57835007,229.32223511,47.08631134,29.21795464
128.79461670,-126.20640564,53.24905777,-156.59385681,92.61602783,64.78234100,-68.44847107,20.35073090,-20.41948128,-11.49398804,13.31050205,-4.52231073,-2.35707426,77.92053986,35.87450409,129.24679565,-122.28716278,189.79212952,-48.14818954,5.13035965,-95.53323364,33.12935257,-161.30882263,-248.66291809,96.90402222,76.95386505,133.52442932,152.63354492,-118.36781311,71.50473022,85.81657410,-146.74459839,-21.69992638,84.97136688,94.19657135,-49.16082382,71.71218872,118.48541260,-200.00250244,-165.65603638,177.78573608,-0.40246269,194.32910156,109.18415070,65.99929047,-90.54610443,195.66021729,-158.77490234,0.78540313,169.98011780,-216.53399658,-237.48292542,52.63300323,61.05300522,50.57965088,57.55633926,2.07959723,0.98109394,112.10425568,-38.92743301,-45.71103287,-15.08329296,-31.28609085,91.15238190,69.50097656,107.83734894,-156.21487427,-290.66662598,177.45683289,18.47927666,-3.05647230,-67.23075104,-145.99227905,-63.48688126,86.54184723,124.63175964,-180.48185730,-186.66557312,127.16808319,61.41875076,-76.18105316,-106.47155762,-174.56314087,-31.81910896,-67.78421021,-12.81363773,134.19123840,-103.76591492,120.96719360,-61.12996674,26.14590836,-177.66831970,182.86546326,36.68897629,10.50089169,30.77498817,74.76753998,104.89791870,-6.66637564,-157.01924133,83.07050323,-49.60003281,-127.79669189,-19.23654175,109.80386353,84.87602234,-129.28395081,-32.24029160,-99.45572662,80.13695526,-88.56175995,-25.15760994,-12.11916637,-185.57115173,-161.94227600,85.85588074,116.85189056,-140.89083862,-171.79585266,-32.11701202,175.82102966,-39.57386398,98.27413940,95.96186066,-24.04313850,217.90309143,66.66595459,48.30744171
135.83271790,-107.41210938,26.52207565,-152.82444763,103.94210052,10.70778561,-39.67270660,70.02895355,-46.68209457,-69.31554413,56.88439941,4.46364737,-14.62970734,57.47965240,29.16007233,66.46803284,-66.84658813,208.32504272,-69.58229828,48.89452744,-99.39318085,54.90945053,-162.52168274,-296.34219360,92.92025757,64.73863220,165.95753479,102.13071442,-133.96449280,111.00388336,47.95313644,-119.31255341,-30.63745308,54.24108887,60.97884750,-60.51752472,28.55069923,140.64773560,-183.63714600,-160.17376709,190.61610413,-44.36232758,180.79707336,103.98976898,70.10971832,-79.53763580,237.12287903,-176.76794434,1.55043161,136.58100891,-241.25094604,-237.09605408,35.38470840,46.43110657,86.99942780,17.61880875,11.14953423,25.93351936,108.81056213,-43.12670898,-45.44670486,-18.30987358,-19.29716873,95.34777832,44.68507004,154.63090515,-186.96742249,-256.09664917,133.09645081,26.18793297,-32.90686035,-21.28043175,-128.03392029,-103.98306274,114.36823273,119.44102478,-136.69786072,-223.21746826,117.98691559,89.89051056,-52.27169037,-97.70301819,-199.37933350,-15.94955635,-56.23735046,-7.64193106,96.22380066,-150.19862366,108.99651337,-13.03872681,48.05941772,-122.44322205,218.03742981,15.93542004,0.74445862,3.98540306,23.05429077,93.60426331,-8.11943245,-147.65824890,70.28910065,-28.72713470,-110.94798279,23.21470451,61.05417252,118.57315826,-86.66284180,-15.40621948,-76.29228973,74.34991455,-59.77743149,0.24212392,0.36432445,-204.02445984,-183.19755554,118.21127319,76.77315521,-147.51994324,-174.93054199,-4.10273695,173.56550598,-45.33123779,56.68643951,115.80573273,-18.22383118,250.82342529,58.55246735,19.17841911
98.82979584,-98.96296692,10.60121346,-146.11363220,96.90853119,-22.22588348,-59.55383682,119.05362701,-49.73332214,-105.10473633,39.14809418,-29.72805786,7.11360645,83.43200684,-13.50419426,40.87101364,-33.45023727,212.61845398,-43.60064316,65.19601440,-119.29865265,90.08426666,-181.13397217,-305.50418091,137.83833313,56.16255951,136.50987244,72.13404083,-158.40763855,87.29769897,42.57885361,-95.46337891,-32.57551956,32.49412918,80.72001648,-57.37093735,47.34160233,119.60607147,-217.01397705,-142.25726318,209.74649048,-68.70499420,144.20050049,76.02629852,102.29846191,-98.41348267,236.11396790,-147.73942566,-29.77857018,101.24279785,-221.03610229,-206.68968201,4.00554991,87.49191284,64.29843140,23.67535210,13.49468040,-8.09372425,120.77991486,-77.08788300,-31.03736496,6.72484159,-55.17196655,132.88067627,3.14089346,193.78315735,-173.81370544,-260.00082397,121.55522919,34.88987732,-4.33209181,-22.48320580,-118.50776672,-139.00148010,93.19175720,163.43406677,-131.26507568,-203.71273804,151.17086792,58.08662033,-78.72919464,-140.60668945,-174.68092346,-26.64795113,-70.65796661,-13.94926834,70.25151062,-136.08134460,84.78013611,-12.55833626,65.31018829,-93.00392151,207.62425232,34.26805115,31.74669647,25.99079514,-7.72069740,106.88604736,-46.52156448,-167.77146912,32.86135101,10.19518948,-147.76734924,31.30733490,60.71270752,93.93997192,-54.28944778,25.44034576,-74.39392090,46.65867233,-76.57313538,33.44181061,-35.90451050,-229.65083313,-164.45286560,114.60680389,45.53437424,-105.95883942,-139.27694702,25.72650146,180.76583862,-25.33990097,84.09879303,111.12208557,22.12184906,237.78189087,102.04093933,50.29691696
126.97216797,-153.75814819,39.40900421,-153.28666687,47.85242844,85.89226532,-79.94359589,-9.97151661,-16.67181396,27.23316193,3.39894056,13.52077103,-4.33768272,79.25942993,26.53847122,175.40104675,-148.20956421,199.39610291,-42.98915863,-8.51769638,-120.63014221,18.25390816,-177.22126770,-245.60780334,112.53878021,99.98911285,132.50233459,193.61192322,-132.87075806,98.13310242,139.96673584,-169.50173950,-49.68911743,76.51285553,94.62065887,-70.74813080,75.03651428,128.29013062,-228.75926208,-162.89311218,186.83900452,-5.47527933,195.17773438,96.40532684,56.22201538,-95.72536469,186.44100952,-154.18501282,-1.44411504,213.27713013,-205.58831787,-217.77375793,63.91233826,82.51603699,43.56163406,60.58506393,21.78820419,-0.22552186,164.68637085,-65.41055298,-60.89590454,-2.79691362,-49.02193069,122.61602783,114.10854340,81.84090424,-155.33035278,-351.64285278,220.70198059,43.85354614,1.89215267,-63.22422028,-138.48083496,-76.84217072,66.84911346,160.81987000,-239.00294495,-171.90745544,148.07505798,43.27357483,-83.28526306,-140.25965881,-160.17007446,-40.54953384,-85.71707916,9.06402588,132.98332214,-101.57333374,143.89527893,-59.21342850,51.22078323,-207.04013062,161.27212524,36.23293304,49.66113281,12.26611614,101.73606873,138.09577942,16.61544037,-159.59440613,59.19388580,-67.27260590,-141.08648682,-15.53318882,122.51213074,94.53280640,-154.99194336,-48.74629593,-105.35855865,91.69899750,-85.71468353,-24.06276703,-37.63034821,-205.56687927,-148.22151184,88.77980042,134.65545654,-133.15670776,-141.77810669,-27.90748405,186.68406677,-60.10153198,112.49123383,104.45198822,-16.79755974,217.18339539,93.46547699,85.65229797
112.79533386,-114.20047760,29.42978859,-148.33459473,103.54007721,6.98618746,-57.55464554,115.37158203,-46.40005875,-91.29251862,30.29974174,-24.61149216,-8.60088158,78.24485779,-1.83086181,74.01650238,-63.03192520,206.90606689,-59.85297775,42.36499786,-120.69390869,75.49630737,-182.38319397,-289.73501587,134.69906616,47.80617142,140.83120728,104.72344208,-153.71420288,86.08338165,60.02387238,-112.45690918,-34.93830872,52.35779190,85.31096649,-61.95365143,57.04069901,118.05351257,-216.55151367,-142.43020630,201.40336609,-52.62047577,162.89289856,86.82171631,97.05664825,-100.30950928,229.42637634,-161.05924988,-21.35080338,117.40994263,-221.78543091,-223.29112244,26.49324608,85.13558197,68.46172333,30.76630974,19.32342529,-27.23655510,121.70298004,-71.17730713,-12.20777893,8.35075951,-54.53013611,126.77627563,-0.45227191,188.15422058,-181.83654785,-273.33917236,158.60536194,30.73370361,-7.26607990,-55.94167328,-137.18132019,-125.69829559,87.47415924,160.50405884,-152.36953735,-203.59268188,147.56234741,68.51914978,-70.33093262,-137.61595154,-172.67127991,-25.03368187,-58.77730179,-22.52262688,94.09077454,-132.23526001,106.21292114,-34.64663315,62.83656693,-123.19293213,209.95706177,25.17854881,29.91683769,22.44624710,16.92645454,116.29835510,-46.57452011,-167.31033325,51.64893723,-2.71990323,-145.19837952,12.49646664,90.19425964,100.83650208,-75.82978058,8.95727825,-91.16030121,72.22898865,-77.12385559,10.61428452,-32.29341507,-224.98056030,-162.74545288,106.80823517,60.37142563,-119.58183289,-156.91329956,12.53024101,180.57649231,-42.65969086,108.57335663,111.29769897,14.83470249,242.23222351,95.73139954,53.90740967
189.23995972,-140.18920898,56.60832977,-185.27117920,116.86608124,129.77407837,-84.27016449,-22.69630051,-53.54245377,38.69734192,30.34281349,38.14523697,-17.98504066,72.91326904,58.75098801,193.36457825,-192.59805298,221.60148621,-54.79685211,-29.19402122,-95.37961578,-5.13474417,-169.71707153,-282.58782959,97.52891541,140.85157776,200.38299561,238.91679382,-164.86372375,122.20567322,115.76496887,-220.33470154,-40.79034805,118.46690369,95.99440765,-71.85318756,82.41950226,186.03480530,-244.21421814,-204.57264709,225.94494629,19.37273407,259.41290283,119.16210938,49.78155899,-144.14512634,202.49456787,-222.55799866,-0.46205100,265.72073364,-241.85618591,-288.33609009,88.26260376,78.21646881,96.39401245,79.78192139,6.81653881,33.70329666,142.47178650,-40.78908539,-80.68396759,3.12112546,-45.88628769,109.34682465,134.03515625,82.83377838,-185.59715271,-340.46832275,258.03594971,11.28809547,-12.00618362,-80.15029144,-167.79798889,-55.37525177,82.53070068,156.59367371,-226.67144775,-243.21362305,165.50622559,83.03610229,-83.55145264,-129.30932617,-201.23951721,-65.80575562,-105.93681335,5.69712782,189.55827332,-155.79801941,194.70542908,-66.86933899,33.45825577,-250.72225952,188.94630432,37.97327042,17.56036568,-0.03687748,140.49160767,124.45880127,43.00783157,-167.75500488,104.97687531,-94.74591827,-131.25175476,-43.53713608,126.03605652,137.95309448,-201.90412903,-101.93739319,-107.34406281,133.70294189,-97.62254333,-29.15235901,-30.40726280,-243.56895447,-173.06161499,107.70140839,183.11231995,-205.56062317,-209.62609863,-55.36850739,184.65470886,-83.80501556,93.15949249,158.93574524,-41.54053879,248.66065979,86.66434479,60.08308411
158.91088867,-153.94981384,62.34579086,-154.18949890,79.92489624,129.86999512,-76.44253540,-13.65493774,-27.32592392,46.56927109,2.31763124,29.16130257,-30.75628090,65.98763275,42.86674500,216.99552917,-191.09680176,173.29898071,-62.47938919,-48.38919830,-106.09431458,-10.87754345,-159.14866638,-219.37771606,105.50145721,103.16837311,153.56373596,237.35090637,-132.47859192,87.95365143,142.52845764,-201.51354980,-53.74949265,109.09484100,90.45819092,-80.60470581,85.16134644,132.97463989,-223.56416321,-165.40930176,177.00633240,23.11248207,221.30653381,105.51457214,42.32271576,-115.57274628,171.38772583,-183.55712891,4.65904903,239.10777283,-204.92466736,-244.25637817,97.53924561,75.78771210,62.66275024,71.98501587,27.00635529,-13.57045841,148.79420471,-47.05710220,-35.90720749,3.19717789,-46.69972992,107.62606049,113.74820709,74.21264648,-158.03550720,-343.41134644,257.32382202,21.30212784,-6.14685678,-107.58541107,-158.70755005,-49.42662048,54.89382935,149.41151428,-251.03825378,-180.71231079,146.71043396,63.73760223,-69.45631409,-131.25001526,-155.72064209,-45.99435425,-76.69088745,0.82712275,170.05075073,-102.92491150,187.51438904,-86.75537872,48.50539017,-237.77987671,160.21380615,21.64397430,38.97142029,-2.63870978,139.35011292,135.74722290,28.70088577,-157.35038757,85.66865540,-89.54629517,-129.82170105,-51.77451706,151.14244080,109.21338654,-187.21498108,-83.98339844,-119.58084869,136.49694824,-82.07460785,-43.09464645,-34.13921738,-207.91731262,-139.19612122,71.99189758,155.45185852,-165.28164673,-174.84832764,-44.37974167,177.98262024,-92.98322296,132.44177246,131.62304688,-27.47150993,215.68115234,83.76888275,77.75170898
179.04421997,-164.44322205,58.49991608,-182.07775879,111.56210327,78.00970459,-59.71839142,51.79013443,-32.38632584,-30.87345505,30.74133110,34.18753815,-31.60041237,64.10191345,39.95034790,175.44628906,-155.75657654,226.72319031,-77.21565247,1.83023572,-134.86006165,35.53752136,-202.56863403,-299.87576294,119.11708832,90.33448792,196.42778015,213.50306702,-154.43908691,134.87512207,131.24752808,-197.11738586,-55.17459869,100.37004089,80.69192505,-84.74111938,61.69308472,160.34916687,-246.28781128,-195.10096741,217.98800659,-23.28985023,236.08958435,125.09446716,73.11620331,-130.78038025,249.13230896,-227.34936523,-7.72020245,228.27091980,-266.56259155,-282.94946289,77.34895325,84.97531128,94.45767975,53.02286530,29.44535446,-1.82920158,164.19966125,-64.32065582,-38.87654114,-0.72018129,-51.49422455,123.14978790,74.71531677,151.07943726,-227.67738342,-354.22363281,250.18437195,32.50977707,-25.98126793,-85.24230194,-178.53561401,-110.85070801,93.40697479,168.94657898,-239.00492859,-236.27139282,162.66964722,92.18524933,-70.78749847,-151.05148315,-202.29969788,-46.94475555,-78.73190308,-10.31895542,164.09403992,-146.73937988,183.18659973,-62.80395126,70.52497864,-220.05305481,225.44500732,14.29481983,32.56154633,-21.34820557,94.26766968,148.54751587,21.38326454,-188.54016113,89.12702942,-60.66246033,-132.32348633,-15.96442032,141.24992371,154.87516785,-161.66891479,-66.48719025,-135.52343750,137.43812561,-84.56746674,-16.54531288,-36.13834381,-249.12770081,-196.43508911,121.13043213,135.11447144,-190.14573669,-206.08062744,-19.42960167,226.20419312,-99.88110352,116.07240295,157.65493774,-22.70894814,291.91921997,98.19083405,63.19724274
