131.09535217,-180.57594299,13.93827629,-138.63700867,103.00573730,187.81993103,-132.69743347,-15.97649479,-87.76023102,71.45928955,-50.20597458,12.34935188,16.01860237,107.02248383,-2.27783823,263.50967407,-236.65005493,152.00234985,18.47266388,-93.58588409,-144.84022522,17.12029839,-162.88705444,-166.49325562,159.04553223,144.10844421,120.07132721,298.77398682,-212.91088867,66.08927917,194.80937195,-213.91740417,-72.08256531,108.19276428,127.68125916,-84.32695007,149.98410034,152.71865845,-272.89746094,-158.89862061,213.38259888,31.89618492,225.95376587,27.75482941,91.17245483,-199.64262390,45.71795273,-152.32055664,-86.72072601,251.43119812,-107.21524811,-234.49632263,61.77205658,159.64076233,51.34352493,113.94407654,36.25737000,-86.37193298,172.21986389,-108.98435974,-53.52846146,131.60592651,-146.13340759,168.21951294,77.65793610,56.35273361,-121.38863373,-356.54904175,355.44857788,38.12180710,68.59564972,-105.58876801,-114.70016479,-47.97928238,-63.73570251,222.86642456,-291.24728394,-152.17292786,227.77616882,-11.53365898,-122.56050110,-195.53950500,-68.58054352,-143.16096497,-155.82197571,27.28876495,208.23176575,-98.18599701,181.72067261,-75.37066650,52.97633743,-283.50787354,58.69462967,67.89611053,103.47080994,16.33222580,189.52159119,194.18945312,-4.99132967,-149.78198242,58.57059860,-43.86925125,-174.16246033,-98.01504517,143.14564514,79.91655731,-208.44352722,-92.22067261,-86.19740295,130.71850586,-121.37041473,11.51453590,-144.25712585,-258.44131470,-41.37191010,28.76761627,197.06599426,-145.06634521,-146.16856384,-27.29509926,148.78572083,-91.41669464,187.65602112,130.96829224,22.23082542,126.34181976,162.86679077,169.66656494
146.20207214,-168.93449402,26.25714874,-153.86183167,98.14116669,205.52102661,-144.45384216,-56.68065643,-85.32483673,106.41534424,-46.33031464,17.21490479,23.19986343,114.55829620,13.65197754,273.00469971,-258.24237061,159.80259705,22.66532516,-107.87121582,-123.73143768,-5.63814402,-154.13339233,-180.81501770,148.30563354,177.73428345,135.47773743,313.21215820,-215.05427551,65.27549744,190.70077515,-236.38699341,-63.26619720,122.29284668,139.35830688,-79.18341064,159.14768982,170.14152527,-283.54763794,-179.68067932,228.46156311,53.47312546,246.79164124,50.86249161,74.24459076,-206.81835938,59.81258774,-163.56977844,-74.05650330,289.92132568,-128.45703125,-251.91273499,73.05824280,153.87461853,53.80319595,129.67630005,23.97886658,-45.11883926,173.28414917,-94.99217224,-84.93521881,112.62419128,-135.19613647,162.60969543,131.80818176,28.62113380,-115.10480499,-374.84683228,358.58068848,29.77766800,70.38579559,-106.31178284,-127.23677826,-25.71027946,-41.69183350,219.10557556,-298.69946289,-167.85336304,231.14862061,-8.88322830,-133.68896484,-189.29414368,-94.68624878,-151.34020996,-170.77581787,29.52684975,224.81239319,-107.07173157,193.19493103,-84.33220673,39.15967178,-310.44287109,63.55421829,82.27409363,90.80010223,25.41046906,212.87232971,178.85990906,17.34930420,-154.90814209,71.46581268,-71.87535858,-176.47795105,-109.36899567,146.77529907,78.96213531,-237.68650818,-109.83844757,-88.76031494,127.43756866,-133.91036987,-1.09004509,-130.87699890,-267.91436768,-62.33277512,31.98454666,226.26766968,-163.32003784,-160.23376465,-47.57301712,151.52146912,-82.68546295,169.38232422,146.63932800,4.78836489,133.37341309,155.58712769,163.69966125
121.02166748,-199.56225586,15.74392509,-167.19425964,83.14021301,180.03739929,-158.54627991,-33.80105972,-71.04317474,83.07694244,-73.89481354,-6.11473513,49.58021164,141.95457458,-11.18129253,272.37445068,-239.85130310,203.85450745,36.66281128,-79.49945068,-169.96218872,35.68628693,-203.44718933,-205.22555542,185.31178284,164.90272522,115.05302429,303.36730957,-224.88525391,73.17189789,225.27299500,-224.08410645,-59.88683701,99.39939880,159.99028015,-75.74818420,167.79316711,163.00833130,-317.38497925,-190.71292114,240.88584900,22.65602684,238.93049622,45.45346832,114.37394714,-206.21121216,68.89778137,-150.55738831,-99.67911530,278.28677368,-129.97990417,-244.41548157,40.93600464,184.11857605,31.07566643,130.58053589,25.32633781,-73.28946686,215.66651917,-135.71513367,-92.83319092,130.03645325,-158.87123108,197.28843689,117.80822754,59.49586487,-126.50955963,-424.60629272,369.32534790,64.21718597,87.92097473,-94.79222107,-132.39059448,-68.01940155,-51.48109436,256.43130493,-318.07254028,-156.66908264,250.59809875,-34.03493118,-162.56259155,-232.80180359,-93.92604828,-169.30747986,-178.01278687,24.54545975,212.91160583,-98.34317017,165.66300964,-82.07778168,47.60816574,-307.49777222,54.73006058,96.34618378,121.77915192,39.60872269,189.36810303,218.57952881,-9.66878510,-193.13854980,52.75925827,-42.62854004,-208.42362976,-83.59226990,159.28503418,74.38198090,-221.91557312,-71.41594696,-104.28003693,102.87471771,-153.60803223,22.97487259,-156.18850708,-277.11865234,-65.52511597,47.20001984,221.68197632,-140.90858459,-143.26193237,-30.69893074,185.02088928,-64.92761993,195.00831604,117.29519653,27.34245491,144.96717834,187.97299194,199.49177551
132.05516052,-208.12463379,19.62886429,-161.89770508,102.09253693,167.66020203,-140.86724854,-0.84233016,-78.54076385,47.59468842,-53.76241684,4.50713110,33.19474411,129.22460938,-13.53023911,270.53717041,-228.94685364,200.42561340,17.64486313,-63.89937592,-183.56584167,43.92630005,-211.35664368,-214.28582764,189.29664612,147.70489502,132.26121521,300.80090332,-230.95574951,87.38726807,224.66741943,-218.65878296,-74.19908905,95.89559174,144.41856384,-93.99835205,151.53344727,169.95629883,-314.01974487,-182.85125732,246.01899719,0.52207762,240.62219238,48.96759415,119.36809540,-213.46116638,93.08724213,-173.44226074,-102.33436584,263.67977905,-149.51321411,-254.69287109,41.73399353,181.88658142,55.56293869,112.39128876,44.49538422,-86.56198120,214.10641479,-141.43858337,-65.81433105,130.50387573,-160.94641113,199.17408752,82.83485413,88.62290955,-157.87168884,-417.10058594,370.35073853,68.94778442,70.88145447,-103.18680573,-139.45338440,-90.90856934,-44.87353897,257.77349854,-317.47964478,-176.38154602,252.10586548,-10.76055813,-148.51959229,-234.90737915,-99.21681976,-159.20874023,-167.37506104,19.10690117,205.29820251,-115.03355408,178.86380005,-78.33222961,73.67922974,-291.23184204,87.80133820,77.02254486,120.12307739,18.09916115,174.67581177,230.22251892,-10.56571960,-192.55168152,53.75528336,-28.13514519,-202.53579712,-74.23046875,161.16731262,101.83651733,-205.43292236,-75.59278107,-111.25182343,124.54721832,-140.50027466,32.50866318,-155.91015625,-288.97439575,-80.02416992,60.89049149,199.34564209,-152.35734558,-156.93290710,-8.54823399,195.81248474,-89.92370605,196.13809204,134.90866089,32.29674149,175.12542725,190.07011414,191.34899902
123.17012787,-199.62535095,13.57182693,-160.13330078,86.81303406,186.22682190,-158.15773010,-31.44825172,-81.09854889,82.11798096,-68.11468506,-0.76759058,45.70441818,138.71192932,-12.71671391,280.34487915,-244.23052979,192.67137146,35.99056244,-82.69469452,-170.76962280,32.21856689,-196.35946655,-200.93977356,185.93304443,166.84692383,117.82711792,310.08331299,-233.63554382,78.95817566,227.87936401,-225.85963440,-67.73238373,100.45396423,157.57484436,-84.14783478,168.49348450,169.25170898,-319.43890381,-182.85644531,244.18716431,21.90761185,239.63955688,38.26974487,110.91137695,-214.61322021,67.02230835,-155.91394043,-103.57443237,278.63739014,-126.63385773,-243.38755798,42.02364349,187.56558228,41.61058044,129.83610535,33.40606689,-79.25218201,212.85757446,-136.75585938,-86.01884460,136.82969666,-165.50167847,199.47399902,110.01157379,56.50379562,-130.06498718,-416.56970215,377.20697021,63.95899963,88.17692566,-96.77737427,-128.84602356,-69.12924957,-58.04469681,259.58825684,-322.25991821,-159.60711670,257.29391479,-32.34872055,-160.07986450,-234.12094116,-88.75514221,-171.09718323,-182.39338684,27.07218361,213.02947998,-104.67296600,174.57936096,-79.04494476,56.21783066,-308.13595581,58.97406006,93.04160309,124.34142303,32.32125473,193.51435852,221.18977356,-7.01956081,-183.57565308,49.28965378,-40.55120850,-207.46589661,-86.61141205,154.58091736,81.71480560,-221.90945435,-79.62023163,-97.13507843,111.69213867,-149.05255127,25.78829575,-163.37329102,-284.96081543,-60.52592087,47.82102585,220.20480347,-143.70445251,-143.29005432,-25.55105591,179.12722778,-74.43623352,196.98954773,126.94617462,31.13206673,145.55537415,192.47267151,203.39169312
133.48048401,-161.33772278,5.14854383,-111.34720612,97.70565033,176.79281616,-120.14218140,27.32504272,-113.15209961,49.24380875,-28.23454857,28.33724785,-15.07084084,79.24599457,-5.73199368,250.54368591,-219.66050720,127.55255127,-1.75229955,-97.03827667,-135.34608459,2.57007408,-129.83374023,-152.42512512,156.78848267,129.94540405,127.43389893,292.60067749,-224.70785522,74.81456757,180.76625061,-195.75485229,-96.55611420,91.50527954,102.83131409,-107.49688721,136.32980347,148.99726868,-260.49148560,-115.17542267,207.58625793,13.28120232,198.65275574,3.74857759,76.22293854,-209.93296814,42.61911774,-162.54649353,-92.20485687,226.90316772,-89.50926971,-211.18798828,72.00472260,155.79641724,77.86167908,93.72065735,63.63103867,-104.30924988,171.74305725,-109.70832825,-22.42900467,144.53041077,-153.46200562,175.61096191,46.46165466,79.62879944,-121.47645569,-327.61672974,348.86932373,37.49216080,53.62240219,-107.81961823,-106.39376068,-61.08714294,-84.22435760,220.84954834,-292.98660278,-145.15946960,229.77471924,9.14050007,-94.51051331,-187.85606384,-42.82162094,-128.44560242,-143.02400208,29.55769157,182.62994385,-111.31858826,190.24366760,-63.53890991,88.57287598,-251.31481934,66.77346039,50.14414597,116.26885986,-9.77683735,171.90463257,185.75129700,-6.02928877,-129.60534668,39.17455673,-31.19070244,-159.69065857,-90.80784607,127.03353882,94.07140350,-181.30296326,-107.42988586,-73.37532806,151.58799744,-93.84468842,20.64100456,-151.82348633,-272.72174072,-10.86896610,26.06512070,155.27165222,-143.77961731,-137.12675476,-3.70066738,130.81863403,-115.33602905,196.47891235,158.39686584,33.42677307,119.81772614,160.13047791,161.68008423
117.98578644,-140.25627136,12.17004967,-102.82753754,92.46916199,172.86540222,-127.27903748,14.12946510,-99.65819550,56.48493576,-38.37361908,15.61687851,-0.53177363,88.53835297,-12.60699558,242.13827515,-215.63121033,97.41992950,17.50058556,-105.17948151,-114.90434265,2.72634101,-114.23921967,-129.04255676,152.28245544,132.35803223,107.61081696,275.04031372,-210.00865173,37.53246307,165.57994080,-190.88148499,-86.38933563,99.67993164,112.03080750,-92.68966675,146.20671082,127.94933319,-250.77101135,-105.79750824,194.86012268,31.70970726,185.67462158,-0.37449491,72.20214844,-204.43495178,25.04822350,-134.58621216,-91.53459930,217.26327515,-71.56655884,-194.00834656,64.97039795,153.49070740,56.28374100,104.47783661,50.54249573,-101.30050659,147.59402466,-98.85823059,-22.13175583,138.84156799,-151.19177246,163.88346863,46.16124344,61.62164307,-95.50414276,-306.17526245,325.45776367,18.92901611,66.24219513,-114.37846375,-98.62408447,-42.00904083,-87.29589844,212.17410278,-276.37374878,-125.17996979,225.09934998,-9.46423817,-102.69562531,-178.29060364,-26.92167282,-128.21482849,-148.54008484,26.64566422,181.06590271,-86.00196075,183.96896362,-76.87618256,73.65049744,-246.02420044,52.15290833,59.60655212,108.67491150,8.25763893,172.49938965,165.46890259,-9.98689556,-117.96846771,35.98529434,-30.84378433,-161.12068176,-107.00843811,126.55896759,64.46790314,-180.55613708,-96.32064819,-66.42121124,133.85826111,-99.39713287,17.56300926,-150.25942993,-256.08889771,-2.01719952,-0.65408832,154.40118408,-123.77504730,-120.48223114,-12.52750206,115.47959900,-99.51793671,194.02584839,151.80851746,36.86311722,90.74016571,157.33229065,161.58465576
150.65122986,-168.40901184,15.92461681,-132.17289734,106.33267975,188.22706604,-117.46858978,-10.58762169,-100.65600586,68.23109436,-18.24939156,32.70790863,-8.51820564,82.87571716,12.99917889,253.45303345,-231.06907654,135.93746948,-8.43822289,-92.93084717,-124.47240448,-5.09339905,-136.40469360,-168.94993591,139.68566895,145.19419861,143.71900940,295.25167847,-210.51440430,78.38956451,174.22767639,-215.62522888,-80.77563477,106.66738129,104.69439697,-96.10204315,128.02688599,162.76464844,-252.94149780,-147.56376648,211.16053772,29.79236412,229.11761475,34.22342682,68.59268188,-194.95626831,64.23271179,-173.81570435,-68.37417603,252.74456787,-122.42446899,-239.33053589,78.87502289,136.25370789,81.41740417,96.83066559,44.73334885,-66.49977112,158.53828430,-90.20310211,-48.09207153,114.24697876,-127.12189484,154.72195435,85.19197083,56.69401169,-130.62287903,-332.36694336,342.05987549,28.80512047,43.20235062,-100.01885223,-114.71949768,-42.74076843,-46.30369186,203.00585938,-279.47479248,-168.69441223,214.76310730,19.60699654,-95.49692535,-172.11058044,-81.05646515,-124.79839325,-142.06504822,31.12655067,199.23468018,-120.46513367,196.06391907,-63.12428284,62.42214203,-270.62850952,83.92564392,51.51718140,88.74806976,-3.56767440,185.87585449,175.25135803,11.22906780,-131.53218079,65.53080750,-56.94731522,-154.35337830,-89.93821716,126.42992401,100.02320862,-205.79473877,-113.62018585,-77.39601898,149.77099609,-97.65548706,3.66309881,-121.64600372,-261.10479736,-48.31257248,36.50518036,185.07791138,-163.97311401,-159.03645325,-27.50897026,137.72372437,-107.91944885,165.46856689,152.11975098,9.69905376,139.39588928,141.19187927,144.32037354
114.85832977,-143.83622742,4.28512383,-152.69323730,88.32504272,18.07462311,-56.69736862,49.68869781,-35.58428574,-56.43043518,45.80312729,-6.86515188,17.86344910,77.98754120,23.74096870,77.98078918,-69.05356598,239.89321899,-41.85044098,62.20979309,-128.71427917,79.99304962,-196.46928406,-297.65676880,99.12848663,76.43416595,149.34152222,111.98061371,-144.45663452,125.42693329,82.45198059,-111.19557190,-27.79615402,38.11570358,77.22540283,-57.14815521,41.11989212,147.79226685,-198.87821960,-174.16452026,203.48980713,-50.32829666,183.23226929,94.57544708,92.97771454,-80.78512573,216.38603210,-171.71420288,-17.39513779,141.02755737,-231.28202820,-237.66584778,8.92911339,64.28990936,85.61002350,25.38871002,7.21120024,23.33111572,139.57685852,-69.57094574,-59.95739365,0.15845926,-33.36884308,119.70542145,56.03862762,146.23655701,-183.95930481,-298.28823853,148.09796143,54.76573944,-13.03986645,-12.62625504,-105.60140991,-106.16627502,105.36731720,136.02891541,-150.85351562,-219.48907471,132.54747009,71.08860016,-77.91251373,-113.24757385,-195.50543213,-34.35457230,-77.95354462,12.54560947,92.97715759,-149.08796692,68.47006989,3.38954210,41.27886963,-135.90135193,194.69381714,35.86780548,26.21797752,21.76412392,24.11460686,129.13250732,-13.50419044,-156.10432434,58.99946594,-16.04432487,-125.35958862,33.01999664,53.61041641,114.69294739,-90.53630829,-1.15966833,-67.47924042,56.95005417,-80.54812622,14.78391171,-16.01498222,-202.17358398,-182.96931458,137.80924988,95.76916504,-144.34043884,-162.40086365,2.50565457,177.35072327,-28.33307838,56.91780472,73.38680267,-16.20854950,241.70854187,76.31984711,48.05460358
124.36226654,-133.71604919,25.19287682,-154.67684937,87.16278839,59.78381729,-69.77790833,4.56890488,-33.91063309,-4.24553442,25.32999992,-4.86083794,13.81464195,79.75640869,34.95768356,103.66139984,-108.14722443,186.68367004,-37.91372681,18.29672241,-96.32010651,47.58194351,-161.56199646,-252.57337952,88.81371307,93.50970459,140.00859070,138.88775635,-130.53765869,85.69844818,79.04204559,-138.17228699,-18.09838676,66.87145233,87.60937500,-47.16035461,59.63418198,138.38124084,-189.52307129,-175.33076477,185.47839355,-7.46703243,196.85151672,99.33557892,71.14758301,-81.88137817,184.63288879,-153.77561951,-4.90791035,170.79318237,-211.36595154,-236.37501526,33.70008469,55.04928970,62.46657562,46.99216461,-4.70808697,27.15494537,109.10612488,-42.40447235,-68.77181244,-6.28998518,-27.23470497,94.17247009,86.19266510,97.00130463,-152.80931091,-275.51684570,162.37402344,27.29980278,-3.82523537,-36.46410370,-114.07370758,-56.90568924,95.06082916,118.32715607,-156.69494629,-198.68563843,125.41541290,58.53043365,-76.56161499,-95.59567261,-182.62422180,-41.48844528,-79.72057343,11.43223095,121.23619843,-124.47743225,92.07183838,-29.36454010,16.12346077,-168.19863892,170.14836121,43.37884521,10.05350780,33.14790726,67.86491394,108.78619385,-3.65991998,-142.85841370,78.22828674,-45.41368866,-124.01519775,-3.21036649,70.92328644,90.62313080,-126.04286194,-23.19567871,-70.50585938,59.46138000,-86.60456848,-12.94934177,-9.44217777,-185.45100403,-163.83605957,99.79399872,124.19438171,-144.30148315,-162.98991394,-27.15939140,158.53340149,-23.87031364,62.87878418,77.88162231,-27.71264839,209.28871155,62.03398514,45.24762726
148.12622070,-138.13760376,12.15083218,-180.57562256,112.21438599,67.46736145,-68.83403778,-23.55178452,-42.61631775,0.38414252,51.55144119,11.78604984,24.52812767,78.38028717,63.51977158,90.57604218,-112.22660828,247.17097473,-36.43588638,41.57105637,-93.00883484,49.57143402,-180.69808960,-305.71905518,62.89227676,122.42942047,177.67198181,146.27214050,-142.84515381,138.65861511,66.20716095,-147.70045471,0.36628184,68.61997986,85.05882263,-34.27072525,48.81407166,185.04043579,-193.31741333,-217.22497559,216.18043518,-8.68988895,234.10693359,117.43199921,74.33428192,-87.40853882,212.90525818,-195.43650818,2.85921216,195.56022644,-249.36686707,-277.47924805,26.87673759,44.80529785,97.07141113,50.32678604,-27.83299828,76.93978882,111.26193237,-35.45042038,-111.89588165,-19.18479347,-11.18421650,91.01528931,120.67231750,91.84799194,-176.86360168,-283.24218750,158.54884338,29.60399437,-15.71856213,-0.81278986,-111.72846985,-54.75212860,130.27789307,110.87229919,-131.05703735,-252.11721802,125.56743622,83.40615845,-82.91613770,-84.40164185,-233.56478882,-51.57783890,-96.84665680,21.97959900,135.36495972,-172.65371704,83.21526337,4.21576595,-7.73709249,-182.30146790,191.62641907,53.66407394,-8.78779316,30.28396034,68.60411072,102.27963257,21.39554214,-150.63095093,97.57218170,-57.51861191,-110.34664154,13.51022911,43.51353073,124.44035339,-141.41590881,-43.02217484,-57.22412109,62.94422150,-97.54111481,-8.51526070,8.91393185,-195.17106628,-201.79626465,145.54820251,157.38996887,-187.81442261,-195.26257324,-42.90542603,166.17347717,-17.56107140,17.99942017,75.22203064,-56.09185791,240.42738342,52.01201630,28.60551262
129.70404053,-157.05284119,-2.98625636,-180.95321655,100.70658112,31.05448914,-66.60640717,7.53585672,-37.92916489,-37.22106552,45.51314545,-0.24381357,40.75704956,91.40836334,43.62164307,77.53675079,-79.64433289,283.50286865,-32.62878799,83.52597809,-133.83622742,87.51866913,-218.31353760,-338.18569946,89.29634094,110.27305603,169.03613281,123.47739410,-153.22625732,151.70137024,83.50829315,-124.98487854,-7.71413088,37.09339142,89.41490936,-44.30153656,38.86584854,185.97685242,-212.69346619,-217.00279236,230.87356567,-51.68239594,218.67045593,111.76091766,102.38884735,-82.06439209,234.54299927,-192.03131104,-14.48320580,172.72555542,-264.36499023,-269.26702881,-3.10465717,60.07133865,90.48524475,34.99695206,-14.46473789,63.07282257,145.17749023,-69.84182739,-115.46298218,-10.20447159,-22.40966797,120.51603699,104.68095398,125.99082184,-199.34289551,-316.22848511,151.70796204,65.30097961,-14.44796658,17.96964455,-107.04891968,-102.92463684,133.18276978,133.39552307,-140.36256409,-256.74713135,136.79527283,74.25331116,-96.90904999,-114.04101562,-237.08496094,-52.48395157,-98.85530853,21.43464279,106.26821136,-177.94961548,53.90069962,21.35274124,16.56102180,-158.07446289,203.19093323,55.17023468,13.64346313,32.01230621,33.71454620,132.84237671,4.33736038,-174.09858704,75.78606415,-26.82447624,-129.12101746,50.78142166,40.40117645,130.13052368,-110.79533386,-10.85821819,-61.85488892,44.95837402,-101.25539398,19.11048126,-4.51994562,-207.65356445,-217.29737854,176.15556335,133.66642761,-170.55204773,-182.44752502,-9.36059475,191.76803589,-9.66945839,25.98803902,63.53551865,-39.29569244,266.82336426,72.04586029,48.40685272
141.80403137,-103.03524780,28.66995811,-146.39485168,124.64198303,5.67495012,-20.38372231,85.56169128,-46.65576935,-88.57463074,86.40066528,0.83610243,-26.65755653,41.40946960,42.81145859,30.36958885,-44.22138977,195.17926025,-89.64879608,57.25582886,-76.88159180,54.61195755,-151.86257935,-291.69424438,65.85554504,47.00869370,179.16123962,75.77032471,-122.78540802,112.52821350,7.31659985,-103.34487915,-15.07398510,53.73793411,46.21700287,-52.43004227,11.38901711,140.75573730,-150.83477783,-155.61515808,182.41499329,-41.42144012,183.39868164,114.36227417,63.14945221,-63.01983261,252.02516174,-197.02987671,18.57443810,110.01506805,-254.39160156,-248.06790161,36.00759888,22.20507240,115.67672729,2.83419299,3.15472436,44.73448563,70.12373352,-19.64347267,-15.91695595,-37.41148758,4.62436581,70.49469757,19.25242043,167.15104675,-195.56668091,-197.73937988,99.70072174,7.93001366,-52.06092072,-30.53663445,-121.06633759,-84.15799713,143.61993408,88.92316437,-81.76649475,-243.70312500,95.17221832,121.93073273,-30.03361511,-62.09390259,-217.87705994,11.66845131,-32.40750885,-9.23630905,85.54280853,-167.51980591,90.55976105,-2.60735273,33.98997116,-99.35920715,246.87954712,0.38473904,-26.20562363,7.22949791,7.44106960,70.61431122,-11.21844482,-124.94057465,84.72084808,-26.96689606,-88.52944183,26.77569008,39.69120789,132.68133545,-72.58666229,-13.43276501,-62.68682861,77.30364227,-48.56023788,-6.19957542,30.12610817,-184.29472351,-202.87492371,132.16839600,62.36087036,-163.55296326,-191.76036072,-5.33401394,152.22073364,-40.50987244,22.02744865,97.44858551,-31.17012787,262.48648071,33.67516708,-17.55979156
151.50759888,-136.86296082,-11.64304543,-160.01672363,121.62944031,65.39536285,-68.74160004,3.76508927,-77.26355743,-19.00188446,66.48418427,22.96799469,25.53263855,78.13404846,41.84358215,98.40009308,-107.01340485,258.83459473,-27.74604416,54.79622650,-118.19764709,60.68783951,-184.84062195,-313.71099854,86.48842621,133.34590149,192.39089966,157.07815552,-180.11239624,157.36018372,82.07394409,-142.35168457,-30.49014282,46.39174652,74.95937347,-63.03768921,40.31328964,207.35989380,-209.10989380,-198.35151672,238.52388000,-43.23362732,226.36413574,85.11671448,85.90670013,-113.56764221,192.59327698,-209.74488831,-28.95689201,188.75401306,-236.66407776,-271.86767578,10.77329731,67.47935486,122.89109802,33.82471466,1.76184976,56.24653625,137.53193665,-67.98294830,-106.92713165,21.69119453,-40.36457825,124.17720032,103.69450378,111.84523773,-192.29124451,-298.58218384,177.59812927,48.87399292,-15.29787159,6.16720152,-94.12255859,-90.17358398,97.21625519,139.16171265,-149.96411133,-267.25061035,152.76246643,78.67920685,-87.69465637,-109.16270447,-206.43969727,-63.74708176,-116.75214386,35.76111221,120.16262054,-198.83741760,94.26824951,26.30616570,35.22308350,-165.09757996,183.37231445,48.37560654,21.86683655,11.37492561,61.20932007,132.70442200,18.30695152,-148.10778809,73.99107361,-32.98465729,-119.13414001,30.45180702,30.54395294,142.96052551,-125.27381897,-50.25593567,-41.76863098,77.60423279,-86.70316315,30.52927399,-27.12051773,-231.04687500,-179.39047241,163.02185059,139.06471252,-192.27619934,-187.38084412,-3.94095755,160.95544434,-41.03758621,27.04253960,110.05687714,-33.26431656,243.47348022,79.48480225,51.57171631
152.81788635,-144.36795044,11.81965065,-176.64292908,116.70872498,52.35847855,-62.36702347,2.42350507,-47.77857590,-23.04971504,59.08479691,13.93615627,19.95826912,77.08374023,53.40464783,93.94165039,-103.84415436,256.55233765,-41.99781418,58.35317230,-109.26583862,62.20859909,-192.77185059,-321.80584717,78.16621399,116.58149719,187.26870728,144.26161194,-153.70875549,141.09483337,75.50640106,-145.07850647,-16.55687904,60.39288330,79.37493134,-50.57830429,40.33031845,189.40481567,-204.31449890,-211.91345215,225.59591675,-30.82829094,232.41250610,115.79523468,81.29351807,-93.52851868,228.62837219,-208.50093079,-6.26816750,188.04606628,-263.32330322,-281.75479126,19.70112419,52.83922958,105.62088776,38.45232773,-11.04742908,63.56668472,125.58264160,-51.44219971,-99.43917084,-11.41756248,-19.18842316,105.72699738,104.44535065,117.32538605,-200.14691162,-297.99761963,161.81044006,38.35582733,-22.87923813,-6.37134361,-116.50145721,-81.30641937,129.11747742,125.75434875,-147.76663208,-261.78933716,134.79138184,86.85239410,-82.15413666,-99.28875732,-229.92179871,-46.78287506,-97.77396393,21.25298309,126.58958435,-177.79887390,88.38704681,2.40033484,19.61785126,-172.80566406,208.87773132,42.30577087,3.56486821,20.00984764,55.34461975,118.63007355,16.87819290,-159.63478088,88.75856781,-44.28985977,-117.22785187,27.03505135,49.55628967,136.87744141,-128.41268921,-36.58870316,-63.40613556,68.62726593,-90.28608704,5.94432831,-2.13434649,-211.63333130,-210.87022400,159.63977051,140.00527954,-191.53109741,-198.68099976,-21.75131607,182.17880249,-30.43394661,27.92983055,93.91671753,-45.59136581,263.31683350,64.04714966,36.32479477
116.64916992,-136.69528198,14.56316185,-163.86416626,79.94503021,79.67606354,-90.05003357,-31.59860611,-35.01808167,24.72794724,9.50254154,-6.21964598,37.04377747,94.87080383,36.02324677,113.07608795,-124.52928925,206.58552551,-12.55276966,13.61979389,-99.45903778,46.09844589,-168.41375732,-259.69018555,87.75269318,118.50488281,132.75476074,152.84692383,-141.29656982,90.54823303,90.48680115,-143.58425903,-7.29058886,64.96845245,104.92558289,-35.55573273,74.82651520,152.68492126,-205.77180481,-190.07702637,201.13929749,2.63765359,207.23489380,94.14199066,75.16851807,-89.15525055,174.79354858,-147.47650146,-12.72623730,188.94407654,-205.28274536,-235.61241150,23.30160904,69.89016724,48.35293579,64.09652710,-18.21272469,39.08541107,123.52754974,-52.79770660,-103.21654510,-1.03782904,-37.41270065,106.62635040,116.46110535,70.38067627,-139.66766357,-292.06378174,173.18453979,36.02873611,15.05145836,-18.80850029,-104.95738983,-49.19437408,89.75342560,132.93400574,-159.84942627,-196.66189575,139.58467102,33.36730576,-99.88404083,-107.88620758,-186.77449036,-60.97358322,-105.89358521,21.81570816,129.72247314,-125.32968140,81.96985626,-24.90669250,-1.05368376,-191.50247192,150.51905823,64.32142639,21.11616707,47.00726700,85.07157135,114.78557587,4.55839825,-146.30570984,72.34233856,-51.10663986,-133.73170471,-4.73190498,64.66808319,81.05662537,-142.61537170,-27.21141243,-59.32881165,42.16416168,-103.68392181,-7.80673075,-23.27749062,-188.55390930,-160.05741882,106.01802063,153.62181091,-142.60740662,-151.60206604,-38.33049774,163.20368958,-6.34063959,54.43065262,65.46717072,-30.79725838,198.59931946,75.77375031,66.97924042
161.47920227,-299.29699707,54.16100311,-190.84213257,145.71800232,52.11619949,-70.21210480,208.55232239,-36.56424332,-165.59402466,-21.79160690,17.50336075,-8.00378513,115.97428894,-36.26527023,256.78552246,-145.57476807,333.24539185,-68.93321228,57.44299316,-312.72979736,164.04479980,-376.94927979,-346.38912964,246.30491638,28.90950203,210.94375610,261.72897339,-235.34207153,191.49121094,274.34591675,-182.89707947,-104.53220367,52.48696899,124.57933807,-154.48008728,89.79896545,204.51716614,-376.83029175,-202.18257141,294.38699341,-140.45643616,259.53399658,118.31333160,200.03724670,-209.29411316,308.68878174,-321.47427368,-124.52156067,201.91001892,-321.98330688,-319.27236938,-3.77579665,217.37446594,125.48670197,43.61532974,116.25329590,-146.47598267,295.13912964,-224.30072021,32.17846298,110.29492950,-177.66726685,245.59094238,-85.36544037,309.30154419,-377.67980957,-454.77252197,399.52560425,156.38610840,2.40038872,-138.56436157,-234.21710205,-271.75942993,38.35662079,319.39645386,-336.84539795,-275.01049805,265.36544800,65.61239624,-138.75100708,-324.55792236,-185.59902954,-101.03981781,-100.82420349,-49.27570343,168.44746399,-178.77157593,175.40322876,-81.61602783,182.09916687,-246.12915039,280.14053345,-2.34582400,139.75259399,-55.60469818,62.86333847,326.80187988,-41.56246185,-296.51788330,46.94506454,71.91336060,-218.26441956,24.86109161,233.58233643,252.76593018,-123.12002563,-15.33749485,-224.54980469,181.44400024,-123.07228851,96.18013763,-166.00019836,-340.16998291,-248.70790100,199.53408813,113.78083038,-204.09332275,-220.74107361,94.13391876,357.20739746,-167.15275574,224.31388855,148.23854065,65.42633057,417.35263062,243.66180420,180.23265076
155.81904602,-267.79266357,0.16796926,-162.34906006,123.57521057,127.07006836,-117.39215088,107.42148590,-93.79766083,-57.51211166,-11.93797779,36.23718643,10.07468319,123.51343536,-36.38418961,302.42864990,-204.00819397,329.74078369,-14.92830181,6.00334644,-299.08499146,105.49880981,-322.81503296,-312.67199707,243.24302673,117.90582275,196.66972351,327.02984619,-287.59378052,211.41108704,294.49664307,-212.86866760,-137.66276550,51.22288132,125.26651764,-174.29676819,125.04370880,235.66329956,-385.34576416,-188.23983765,325.40341187,-103.21416473,262.07443237,57.59395218,167.11236572,-258.69805908,194.49218750,-284.43670654,-145.07711792,256.93020630,-236.11763000,-300.40252686,11.40515232,232.64131165,141.03126526,73.90003204,119.61909485,-129.62637329,327.48590088,-232.68626404,-28.31488228,162.82383728,-204.28797913,282.17886353,8.44903660,206.42155457,-295.01196289,-517.03839111,448.54956055,159.32499695,41.37314224,-104.82319641,-169.01310730,-225.97589111,-32.60125351,334.35980225,-382.48876953,-263.59909058,305.78942871,32.70693970,-157.75689697,-324.10357666,-132.85055542,-157.56002808,-171.35562134,16.25934029,185.06375122,-195.69152832,191.24353027,-42.19479370,175.35615540,-288.08905029,178.21540833,40.70219803,179.90408325,-51.49800873,130.42982483,334.82440186,-9.07338619,-243.32791138,23.50370979,34.75865555,-223.41740417,-8.09846210,186.77629089,224.18357849,-171.49430847,-69.15011597,-154.09681702,188.47468567,-126.01453400,95.71640015,-199.58975220,-375.05166626,-153.29167175,176.76789856,170.56159973,-200.16558838,-185.30133057,76.09696960,275.91198730,-170.55091858,220.05360413,176.34542847,61.87031174,317.89559937,256.78741455,228.25305176
150.99087524,-324.97290039,-1.12701726,-181.67706299,124.00019836,92.40286255,-101.65816498,148.38238525,-73.41340637,-114.81068420,-29.01795197,35.43217468,19.79745674,134.07751465,-47.31816864,308.60055542,-185.17320251,391.51324463,-24.04417229,56.16806030,-360.97241211,161.50738525,-403.14239502,-358.31790161,268.70553589,90.49890137,201.33567810,323.74307251,-294.06143188,245.75653076,339.01800537,-201.28468323,-140.46633911,27.78856850,129.07284546,-183.59886169,106.85086823,249.31401062,-414.60083008,-213.92211914,345.88528442,-153.86264038,272.55853271,76.07120514,209.43804932,-253.49490356,252.50274658,-310.22943115,-162.15309143,245.33578491,-283.11087036,-316.79028320,-17.93468094,253.45657349,134.24609375,54.18471909,134.45935059,-149.01232910,372.76867676,-275.39730835,-31.12593460,171.33918762,-216.70884705,309.32077026,-28.40810966,262.39138794,-364.16305542,-562.42492676,468.83987427,205.39814758,31.66611671,-86.40003967,-189.61262512,-287.15670776,-13.22621250,364.28601074,-405.12744141,-279.05252075,317.06823730,27.80657387,-172.52259827,-368.13485718,-155.76727295,-165.72196960,-169.93605042,3.62205577,177.97715759,-204.98350525,171.39448547,-35.38374329,198.43476868,-287.80130005,212.29104614,27.32700920,198.66491699,-66.80615997,99.07720184,385.42083740,-19.20624924,-292.62985229,19.09199715,70.59233093,-237.92564392,37.57057953,208.05972290,260.38137817,-148.98780823,-38.22606277,-189.93792725,184.17633057,-134.20323181,122.47550201,-213.99110413,-387.39318848,-207.76115417,228.16455078,159.85638428,-203.36656189,-192.92930603,106.11895752,344.56158447,-177.27851868,229.93763733,154.84849548,71.38046265,388.06530762,282.31066895,251.88769531
178.45741272,-281.73934937,23.16840553,-187.07731628,161.96170044,109.56562805,-96.88439178,136.69447327,-81.92318726,-99.25966644,-10.95615387,42.85224533,6.25677204,117.93511200,-19.19961739,289.23333740,-194.91651917,355.16842651,-34.32337570,32.59370041,-306.86767578,133.34941101,-362.35052490,-340.78070068,232.89225769,99.71550751,227.02877808,317.35021973,-278.28616333,224.38316345,284.50280762,-214.65483093,-115.77992249,60.58424759,121.98686981,-161.95440674,107.37042999,251.11773682,-387.40182495,-218.91220093,331.72763062,-116.23450470,286.31146240,90.34420013,183.31950378,-257.39788818,246.82691956,-325.43838501,-142.97547913,253.16561890,-284.08700562,-334.90570068,3.73443007,225.85571289,151.77792358,66.55194092,108.73471069,-118.58512115,311.16668701,-227.33749390,-22.85005569,149.76698303,-193.07609558,264.54254150,-23.99729919,245.86622620,-344.64724731,-485.49411011,438.58706665,157.62387085,20.06301308,-113.03678131,-199.74073792,-239.62614441,4.31148195,326.78585815,-350.92114258,-297.17501831,296.21551514,58.18620682,-154.67016602,-322.40020752,-169.09089661,-153.66122437,-157.10385132,-7.26554823,199.01768494,-211.70533752,188.93931580,-55.02935791,166.23747253,-288.66409302,219.81661987,25.22082138,153.48484802,-62.17760468,112.81659698,334.19055176,-6.44276905,-269.70773315,51.23578262,46.71932983,-212.62867737,5.66010094,203.93193054,259.46539307,-166.15878296,-64.63789368,-182.53729248,196.60964966,-131.44546509,100.96012115,-185.41807556,-370.82907104,-209.36317444,206.82234192,170.96960449,-231.55409241,-222.14991760,77.36942291,310.69479370,-177.10044861,204.25401306,172.61993408,48.44576263,373.11721802,250.70924377,203.20446777
159.94825745,-269.25912476,10.62451935,-171.10005188,128.69911194,150.09773254,-110.45298767,64.96992493,-84.82323456,-24.84018898,-29.36627388,41.01610184,5.81277704,112.51709747,-15.11968517,306.17999268,-220.78953552,319.15054321,-20.67132568,-4.66168213,-282.09414673,88.38253784,-321.63635254,-294.22833252,214.42768860,121.47729492,191.54397583,332.01574707,-264.65744019,200.64978027,285.95895386,-219.29130554,-111.69882202,63.16715240,119.94814301,-149.37338257,118.57535553,233.70640564,-361.71191406,-204.34004211,311.83065796,-78.49636078,274.84796143,68.65716553,147.90805054,-240.67573547,186.91743469,-273.78982544,-119.13545227,265.39520264,-232.55526733,-298.20413208,24.20286751,209.66522217,117.52639008,79.10298157,94.59565735,-114.56727600,298.34536743,-210.15769958,-46.32404709,147.82884216,-180.37292480,252.09834290,26.25301552,168.12823486,-285.26611328,-477.97482300,437.44058228,148.92321777,33.58711624,-96.43181610,-166.82150269,-189.21992493,-19.64167023,306.39666748,-351.85763550,-256.06079102,280.74487305,26.99538231,-145.13465881,-300.38766479,-138.35494995,-154.29859924,-163.43504333,12.89386272,200.30264282,-185.17539978,186.27204895,-51.46611404,136.33091736,-305.19097900,158.89367676,31.65843010,158.19680786,-50.21852493,154.07546997,317.53286743,6.36531973,-230.53031921,43.30818939,13.33350372,-205.91909790,-14.00055218,192.37449646,218.76123047,-189.95007324,-76.92960358,-154.70617676,178.41256714,-122.12149811,70.36884308,-176.10047913,-339.09844971,-161.49832153,175.12388611,197.41297913,-198.50404358,-180.79638672,49.71301270,270.36325073,-160.51081848,200.38745117,150.89152527,38.45119095,311.70199585,230.83293152,218.78816223
116.15136719,-292.52151489,-10.87488365,-182.80632019,81.00238037,128.38369751,-155.52496338,44.97066879,-68.48004913,-13.20448303,-56.56837845,9.40160656,61.09638977,169.96078491,-50.56507492,319.30505371,-211.32666016,380.58648682,25.59365082,26.05317879,-328.94625854,125.14844513,-375.63055420,-334.54055786,265.31332397,152.91894531,151.91256714,327.22454834,-290.48437500,199.81524658,332.40328979,-215.63862610,-120.91069031,33.76876831,165.21176147,-157.05332947,150.31176758,234.38110352,-424.54739380,-219.55064392,349.83648682,-100.96081543,261.25369263,58.90904617,183.32707214,-249.65899658,192.73046875,-236.98780823,-151.53785706,282.25424194,-229.25465393,-281.54400635,-17.07434273,255.78823853,82.78443146,99.29463196,95.68461609,-113.93460083,369.44494629,-260.68832397,-93.87346649,163.78855896,-213.05126953,313.26239014,69.71175385,169.34838867,-269.74301147,-590.74664307,448.26626587,193.31214905,77.86911774,-76.52851868,-162.55331421,-229.20191956,-25.62432671,364.62286377,-407.03744507,-237.25573730,324.02023315,-21.60679245,-208.04173279,-357.91049194,-140.77648926,-185.97349548,-205.52166748,29.71060944,183.52111816,-168.54248047,150.07070923,-49.00861359,147.75866699,-318.73132324,136.71762085,80.76128387,205.52249146,-12.25736904,140.28115845,361.25061035,-11.72782707,-270.82012939,4.97359276,31.76730537,-264.24340820,11.56733990,197.23681641,189.00779724,-189.59480286,-35.92574692,-157.62144470,135.22680664,-160.67034912,99.56691742,-207.19436646,-370.47857666,-166.27806091,194.39982605,212.21957397,-162.42808533,-143.79684448,63.95922852,296.20022583,-124.27757263,223.08697510,123.47953796,65.34642792,305.51046753,279.26473999,274.49572754
151.87457275,-280.57199097,-0.08111760,-168.14437866,120.35908508,137.13681030,-120.95394135,83.14630127,-93.50895691,-41.19963074,-26.29052734,37.32222366,16.13027763,126.91764069,-32.38309097,314.24853516,-211.40066528,334.45666504,-11.57308102,8.52483559,-311.09216309,107.16178894,-344.14031982,-308.35913086,241.10295105,126.55287170,189.68092346,333.73034668,-288.72964478,213.86029053,309.36621094,-216.21855164,-131.50549316,48.98141861,125.70090485,-170.68408203,124.70464325,242.61888123,-385.50900269,-202.46907043,331.96673584,-102.56880951,271.41766357,60.70452881,167.49923706,-257.68737793,191.78918457,-275.90856934,-142.49569702,264.30419922,-233.10371399,-298.48559570,8.51958179,232.34118652,129.21810913,75.58911896,114.56842804,-130.11578369,332.08013916,-242.17675781,-48.12117386,169.41845703,-203.37882996,285.51693726,15.43604755,188.23728943,-293.53054810,-520.84576416,456.12231445,171.55612183,43.74774170,-94.35491180,-165.79742432,-222.00082397,-32.38780212,336.78353882,-381.96890259,-259.67111206,306.37301636,22.87025833,-160.76596069,-329.55816650,-134.52239990,-170.27621460,-179.98599243,20.04071426,192.00045776,-193.82232666,183.09889221,-44.21736526,162.88720703,-302.84072876,160.46693420,39.86825943,184.41101074,-52.84383392,143.16609192,349.00802612,-4.71319771,-243.51081848,30.03347588,32.51845169,-226.49574280,-4.19486856,195.34497070,227.18041992,-181.66197205,-65.62459564,-157.98944092,182.25148010,-127.04891968,90.94629669,-196.91526794,-368.33715820,-157.94435120,183.64962769,190.79997253,-194.40443420,-174.25102234,72.82593536,281.69546509,-169.09577942,214.98556519,156.83091736,55.09021759,316.68688965,255.50256348,244.15542603
175.90692139,-226.55668640,38.54536819,-176.71466064,137.34915161,192.31170654,-125.96637726,19.03357506,-87.16156769,30.71076012,-37.45652390,44.25225067,-4.44705820,109.31304169,10.30953884,317.54455566,-257.48858643,278.41867065,-17.36111832,-52.25369644,-220.89927673,41.47908783,-273.64920044,-265.43844604,188.14454651,151.20219421,189.69377136,351.12145996,-250.55830383,149.35707092,246.11930847,-249.92214966,-92.52008057,106.11318970,133.10624695,-128.01536560,145.31663513,224.06748962,-350.49310303,-208.23249817,295.53933716,-20.47112846,288.10977173,76.20356750,111.04697418,-245.39830017,150.13592529,-263.61795044,-93.79683685,298.50708008,-209.84349060,-304.94451904,60.87162399,191.05253601,105.60242462,112.99525452,66.60766602,-87.24477386,250.02101135,-163.71412659,-52.69044113,130.63371277,-161.97663879,216.63905334,65.47769165,120.39041901,-241.56846619,-441.99996948,434.44781494,95.95397949,41.62256622,-138.12506104,-177.00939941,-129.73019409,-20.02628517,280.03585815,-333.43698120,-243.76043701,268.99423218,29.13330650,-140.65190125,-263.29205322,-136.27403259,-150.04753113,-165.51806641,8.49556446,233.48918152,-162.52497864,211.08297729,-92.51212311,98.13533020,-337.67150879,138.55323792,42.12270737,124.72953033,-27.32019997,196.64250183,269.21759033,22.95620346,-208.25390625,70.50015259,-31.37099457,-196.87145996,-65.16541290,205.32984924,186.03446960,-232.13821411,-109.85162354,-146.91046143,188.43130493,-130.17425537,30.93799973,-155.67779541,-323.93878174,-137.19660950,134.28085327,228.90499878,-207.93618774,-193.23486328,5.36833811,230.53250122,-154.19538879,201.96434021,166.83918762,14.48369980,266.28887939,204.78674316,190.93211365
116.13157654,-117.51462555,6.56859684,-146.39816284,68.48978424,61.09710312,-62.54988480,-39.35937881,-29.95313454,19.68996429,35.83043289,10.48643780,21.04733658,72.05580902,48.52009964,94.32399750,-105.27352142,224.00727844,-31.40932465,40.98740005,-80.62413025,32.21571732,-153.87541199,-270.51058960,62.84481812,109.29819489,137.30905151,133.28004456,-118.81279755,113.60762024,67.63700867,-123.13254547,-13.93320274,51.86798859,78.05711365,-38.47055817,41.28651047,154.50843811,-175.88316345,-174.63891602,184.93455505,-9.23759365,188.48950195,92.18769073,48.87592697,-59.87763214,190.00985718,-151.58622742,11.97459221,170.35484314,-216.90022278,-222.45765686,28.05010414,40.37232590,56.69163513,40.27706146,-14.47422981,62.41647339,110.77766418,-32.92449188,-108.49493408,-29.30084038,-7.25941896,87.09733582,124.31578827,60.95084763,-148.68617249,-270.61450195,136.93713379,31.01236153,-12.70689392,10.98273945,-90.40332794,-47.63442612,111.45826721,104.04802704,-143.53977966,-204.24258423,108.56171417,53.81716537,-76.26804352,-79.55520630,-190.48895264,-25.41244507,-87.10102844,28.20390892,103.50711823,-132.88313293,73.07804108,-2.83010721,5.50270319,-159.61813354,166.41784668,44.07546616,4.92628813,31.26459694,64.60507202,86.63301849,23.08753586,-127.47088623,64.79529572,-58.81763840,-107.14321899,20.80420494,40.16493988,91.54193878,-120.08157349,-34.72847748,-45.40998077,46.25255203,-77.96549988,-13.39261341,4.35304117,-167.43505859,-172.18965149,127.50222778,127.06452179,-144.39289856,-145.99737549,-34.65059662,147.66967773,-12.27638721,26.15197563,68.60317230,-44.69910812,213.81782532,49.82193756,35.12592697
113.77547455,-118.31423187,47.67903519,-145.96879578,60.52206802,70.24246216,-68.49597168,-15.43114853,-9.16120148,22.24527359,17.61462784,-5.11944628,5.34028578,74.08168030,41.78386688,110.57682037,-118.89778900,152.76835632,-44.20409012,-5.49777222,-67.18633270,19.73107147,-128.32583618,-218.65028381,73.88958740,80.92964172,116.31793976,136.23287964,-92.91107941,55.96617126,70.07877350,-133.08612061,-8.01621437,81.34107208,88.85592651,-35.28208923,63.51993179,104.88825989,-167.81491089,-153.73826599,147.58630371,20.59822464,177.58953857,106.28717804,45.68993378,-56.90152740,177.05702209,-127.11762238,18.86067009,168.08012390,-198.58454895,-209.91716003,55.39001083,37.00096893,36.02639771,54.28884888,-9.91013527,27.43157196,89.29656219,-16.16952705,-56.02320480,-35.49903488,-11.02873516,67.21737671,102.55456543,72.64184570,-119.02263641,-261.13442993,144.42793274,7.93124199,-3.40337133,-53.14468002,-122.90607452,-26.91895866,92.54965973,96.61740875,-159.12841797,-159.54043579,102.24770355,52.47290039,-66.22443390,-73.75966644,-169.21633911,-12.81069088,-58.33678436,-0.09358581,119.71107483,-88.65136719,102.14902496,-52.28572845,4.31739616,-169.39465332,165.44407654,41.05836105,-2.15736055,43.75938797,79.44012451,77.65854645,-1.66106606,-132.24426270,78.08559418,-65.99575043,-114.82290649,-23.21196365,85.95220184,58.80555344,-132.60351562,-28.45877075,-79.42741394,56.64214706,-78.83634186,-38.72758102,8.33631229,-152.29028320,-148.05249023,65.52647400,117.96564484,-125.07189941,-150.34963989,-48.56320572,150.30838013,-16.62440491,70.01124573,66.85612488,-33.74924088,184.07278442,41.49631500,29.93952560
131.00848389,-110.81263733,12.84563255,-152.54083252,116.48609161,1.13085222,-47.80336380,79.57980347,-52.64909744,-84.36752319,68.62715912,-5.57561922,0.87201780,67.38147736,25.41498756,56.53435135,-52.07478333,237.22935486,-56.27960205,71.02857971,-106.75628662,74.58749390,-180.93751526,-316.21701050,98.94786072,74.94414520,169.63195801,91.15922546,-151.58392334,118.95898438,41.11737442,-108.06385803,-26.48510742,42.18508911,65.74161530,-59.09173584,31.38314629,151.60658264,-192.97164917,-165.92057800,212.21044922,-57.56547928,181.62922668,98.28516388,86.43138885,-92.96285248,244.39514160,-189.39773560,-12.30306149,124.55792999,-249.66323853,-245.41564941,15.07798386,56.31415939,103.61775970,18.90128326,6.58274841,28.29471970,111.84874725,-56.38333130,-50.63956070,-6.62823248,-27.36236954,111.60655212,35.38943100,171.05111694,-192.56196594,-263.25311279,125.81333923,31.91913033,-28.00850105,-14.58713150,-119.81214142,-113.73548126,119.21859741,130.62878418,-126.12532806,-240.55717468,132.83026123,97.47295380,-65.37914276,-104.68847656,-206.53222656,-23.02884483,-72.38285065,-3.14766645,88.98929596,-166.29240417,87.86878204,5.41760206,46.69958496,-112.14785767,226.68936157,27.00132179,7.63775063,14.91508198,9.40242577,101.34661865,-18.10616684,-155.55322266,64.80697632,-11.72001934,-120.05871582,34.15866470,49.95256805,125.00666046,-75.51529694,-5.59278536,-69.70709991,69.69062805,-70.49858856,20.56665611,-5.55681753,-217.93371582,-194.36416626,141.92024231,75.50197601,-153.44731140,-179.22892761,7.71906710,175.02139282,-37.22079468,50.14493561,105.10943604,-14.92730522,259.36718750,69.48105621,25.23682404
135.82214355,-100.83238983,9.94458580,-134.03372192,99.72164917,72.83103180,-48.78369522,-18.16697311,-50.83777237,8.61420155,57.19463730,25.64080620,-3.82799578,48.97947311,56.47960281,95.38278198,-110.39203644,191.54527283,-45.12998199,22.97699738,-64.68656921,19.97787476,-129.49850464,-247.25801086,49.03653336,104.05218506,156.37742615,141.83067322,-123.18091583,110.59764862,48.40300751,-126.94593811,-21.67017174,62.76946259,56.84204483,-48.77865219,34.50904465,157.63285828,-152.31347656,-161.12536621,176.03541565,-2.78121781,192.36924744,85.42807770,38.62946701,-76.18582153,170.92475891,-171.24024963,9.74343777,163.09683228,-205.21138000,-231.63626099,42.89262390,26.96910095,90.05981445,32.13822937,-5.88792086,54.74831390,82.95841980,-18.30958939,-81.07640839,-12.85365486,-4.24788666,72.73466492,96.90534210,71.84797668,-150.24745178,-228.61079407,142.88995361,12.33414459,-26.64676285,-10.63446045,-89.88508606,-36.20888901,97.46629333,84.53218079,-126.06482697,-215.09591675,102.33390045,79.23119354,-50.94160461,-57.16214371,-177.11196899,-23.83284378,-77.69664764,27.13579941,112.67447662,-145.93280029,93.99571228,-1.90594471,10.84995270,-152.55044556,166.07183838,27.49232483,-7.20079470,11.29367542,70.36429596,76.70912933,26.68994522,-107.77598572,78.41350555,-57.81509018,-85.28115845,3.92784619,38.19604492,106.67361450,-119.89492798,-55.87540817,-41.03616333,78.00826263,-59.34461212,-14.36129093,8.19936848,-169.74440002,-156.10720825,117.00053406,120.55485535,-164.21691895,-165.12063599,-31.50585747,124.05570221,-40.27404022,25.82866478,90.24163818,-48.93901443,203.03953552,34.68081284,16.15204430
139.35653687,-92.32404327,49.49726105,-141.57090759,101.50040436,67.83487701,-51.38922882,15.45620823,-37.82191086,-5.75661039,36.39499664,4.00389719,-20.55167770,51.13166428,45.84143829,92.27299500,-112.93881226,138.06828308,-60.59228516,-9.36719704,-49.82152176,10.99576092,-112.61876678,-225.44667053,64.62838745,77.47926331,146.28790283,131.24658203,-108.37854767,62.14870834,34.44269180,-138.71733093,-12.40203857,91.96527100,69.05697632,-36.00580215,51.82777023,120.11109924,-154.94169617,-149.55308533,157.87535095,19.10756302,187.55001831,103.45391083,38.77183914,-75.85099792,183.19628906,-152.06198120,21.11984253,155.59407043,-201.90264893,-226.71282959,66.53042603,30.56196594,63.03285599,47.26308823,-10.58338833,21.88679314,58.19558334,-5.16062164,-37.49059677,-28.04278946,-9.66979408,55.78038788,64.97406769,87.70957184,-136.73458862,-206.91915894,142.47872925,-15.07584476,-20.51031876,-56.92440033,-122.08341217,-29.16995811,94.75862885,88.33257294,-125.35338593,-189.77806091,103.02838898,76.26517487,-42.71815109,-64.11660004,-170.30104065,-13.02462673,-56.48823929,-7.46499300,126.90248108,-114.22578430,124.03481293,-44.61423111,7.75309372,-155.59097290,180.04025269,21.24190331,-18.69626427,24.27824974,77.01464081,59.42503738,1.78983021,-111.87535095,91.96524811,-63.02224731,-97.33364105,-30.69713402,74.86070251,82.05654907,-124.94859314,-43.87315750,-68.43467712,77.63689423,-63.61651230,-38.75547028,9.31497002,-167.30020142,-146.84930420,64.97221375,104.93481445,-144.63708496,-171.67732239,-44.33040619,134.77494812,-35.62495041,60.85820389,103.13175964,-33.65504074,195.74653625,35.98284912,12.92579651
132.28375244,-121.27437592,11.56052017,-157.95812988,80.89620972,73.06698608,-64.40270996,-54.76945496,-32.49580002,28.94814491,43.80557632,20.05729866,23.38147545,73.95166016,59.28491211,104.69187164,-117.24284363,241.38285828,-33.16985321,42.81682587,-81.69578552,28.54809189,-158.03796387,-282.32989502,57.23294449,122.29805756,155.18345642,145.79893494,-123.14801025,128.69985962,71.84053802,-134.79014587,-9.54720211,56.10224152,80.80197144,-42.34799576,40.45196915,176.32638550,-185.14160156,-189.88040161,195.63116455,-7.46241999,209.91279602,103.78057098,48.39851761,-68.97356415,196.67749023,-175.34548950,9.33322906,190.25732422,-232.65805054,-243.17765808,27.68321800,38.56987000,73.16303253,43.83397293,-16.62402916,81.62318420,116.12434387,-31.49701691,-121.60165405,-31.25602722,-4.99419975,86.29953003,141.34884644,55.38230896,-159.68011475,-278.12704468,145.39956665,35.68398666,-16.97599030,8.96304703,-101.09289551,-44.43165588,119.38285065,102.72172546,-143.73725891,-224.71896362,112.18943787,63.39375687,-81.77796936,-78.66304779,-209.09034729,-30.09423256,-92.97807312,30.54367447,114.94425964,-147.90077209,79.70984650,-4.80156898,1.55594873,-173.17637634,173.18519592,47.39415741,-1.54907250,28.56626129,74.06765747,92.02226257,36.30874252,-133.60403442,76.14533234,-65.43700409,-105.03783417,22.76131439,39.80722809,108.77748871,-134.79881287,-50.19861221,-46.77246857,53.05100250,-82.99346161,-8.62431812,6.52568626,-172.45497131,-186.47875977,144.69387817,146.04058838,-169.56309509,-165.51605225,-39.75114059,150.72676086,-14.46599197,13.04677868,72.03518677,-54.50802612,227.38899231,48.97330093,30.96666527
146.38002014,-119.24958801,10.96881104,-146.87545776,101.24697113,39.23218155,-38.16898727,27.24761009,-47.47253418,-35.42186737,68.36562347,21.57808876,-12.97604752,49.81466293,50.18601227,82.95475006,-87.70892334,219.86029053,-65.73733521,47.36611176,-94.08607483,39.58408356,-158.56222534,-293.80108643,68.85651398,83.19201660,173.98851013,125.63899994,-130.51907349,128.94189453,55.40378952,-124.77303314,-33.75421524,53.36917877,53.77135468,-62.03140640,22.98700523,158.78259277,-171.88002014,-170.71701050,193.18310547,-34.20379639,197.32995605,98.56999207,54.62143326,-70.20774841,220.43041992,-191.46794128,13.79312801,153.56130981,-243.02023315,-249.91441345,43.28883362,32.70062637,100.91979980,16.60090065,8.09018612,45.64705658,111.35859680,-35.00168610,-64.99196625,-24.43461418,-3.95563507,87.77735901,75.38323212,120.75459290,-188.54959106,-264.59576416,140.57969666,30.13766289,-38.81123352,-8.73868179,-103.89646149,-80.96081543,119.34375763,102.35071564,-140.71284485,-237.69509888,109.88024139,96.49259186,-50.03033829,-78.80331421,-203.04765320,-8.06070900,-66.07312775,17.33299065,101.29601288,-159.98519897,100.00906372,4.52941418,37.24592209,-138.47575378,210.76612854,15.95246410,-0.70804125,2.29342318,43.49456406,95.90525055,13.90446091,-129.63058472,77.20709229,-47.55648804,-97.07039642,25.32144928,45.00964737,127.18304443,-103.32011414,-37.66508484,-58.09589386,83.27681732,-56.30604935,-9.47419930,11.53849125,-192.36054993,-186.53050232,137.48210144,97.76110840,-168.83657837,-179.31466675,-11.48100185,160.04983521,-49.42629242,36.35447311,105.70568085,-41.04371643,250.58049011,44.55721283,14.65461540
105.62978363,-72.08863831,31.38581657,-119.98608398,74.04032135,25.24523544,-35.62636185,23.02139091,-23.73942375,-21.43727112,39.32194901,-6.42096710,-15.71011448,42.91585922,39.61890030,43.96574020,-67.20736694,134.93447876,-57.93216705,17.89794540,-41.17731094,21.57406998,-103.15193176,-217.95927429,51.93971634,56.25545883,117.76665497,79.32220459,-83.53211212,53.78981781,9.44962406,-97.44326782,-7.20356369,62.11365509,53.90194702,-26.32585907,31.72298813,93.81156158,-123.07266235,-127.49971771,132.21487427,2.47417140,144.61882019,89.76324463,33.46993256,-40.82935333,183.48643494,-116.41454315,30.51079178,112.51900482,-184.94390869,-186.80671692,50.78246307,14.01635456,42.18689346,26.15610504,-13.38799000,34.97325897,51.03817368,0.75000262,-36.69296646,-44.40024185,8.81931210,48.04993820,59.59225464,90.94051361,-115.07043457,-180.77046204,85.16796112,-11.05895138,-24.28362465,-25.30368614,-94.64633179,-34.68165207,106.12293243,67.35546112,-92.33608246,-161.60626221,74.59479523,66.66809082,-31.58085251,-45.29463577,-159.69181824,7.05148172,-37.05190659,-2.02827144,83.49075317,-96.80477142,81.35670471,-23.31988144,5.83452988,-106.85232544,168.41191101,17.77816010,-21.82234383,30.09624290,35.57892609,37.97892761,-4.34299421,-98.99312592,68.21540833,-51.73211288,-82.27958679,-3.93477654,45.02643204,59.01988983,-83.25968170,-12.91968632,-50.08648682,45.27303314,-48.94857407,-35.28771591,26.92633820,-136.58949280,-140.86209106,67.07438660,68.34125519,-110.44317627,-137.58401489,-33.15678406,117.71456146,-12.48357868,38.57282639,74.31137848,-33.14677811,175.91735840,19.35971069,-2.52246881
180.81069946,-181.04939270,52.54212952,-183.54811096,105.70259857,98.58632660,-72.21681213,15.45282555,-36.21980286,-4.06170273,33.54133606,35.48960495,-15.90091515,77.92797089,44.55786514,199.72071838,-171.83433533,252.23138428,-68.09666443,5.87444115,-147.08561707,31.10147476,-214.44696045,-303.74078369,120.63689423,114.47781372,197.67698669,231.17901611,-165.44281006,149.09466553,152.11145020,-203.86042786,-56.56534576,95.62035370,91.64495850,-88.74703217,69.31842041,180.31282043,-259.07406616,-205.27497864,231.62800598,-23.06036186,253.30792236,128.02416992,76.50524139,-138.71917725,237.38841248,-234.85649109,-13.47325897,248.49002075,-270.08761597,-292.62252808,69.52450562,90.25099945,105.14775848,62.39946365,28.75654411,7.35497761,183.54684448,-77.54428101,-61.03860474,4.49082804,-56.97607422,135.16886902,106.98117065,125.20687866,-222.23437500,-389.22714233,264.55419922,50.17096329,-19.85970497,-79.73308563,-174.16993713,-106.08757782,88.64159393,177.96870422,-255.35482788,-244.80516052,174.12191772,92.95391846,-87.34346008,-159.52229309,-207.39723206,-58.53332138,-96.30085754,-1.31168008,170.92510986,-157.96023560,180.47869873,-54.05030060,66.75505829,-237.09159851,219.39376831,27.29342461,42.29444885,-12.45340824,110.74933624,166.78456116,30.00909805,-192.13766479,90.86047363,-65.51395416,-142.77769470,-14.16322994,139.23513794,158.46264648,-177.64445496,-78.83303833,-129.94793701,140.05656433,-96.47791290,-8.79846001,-40.67563248,-253.86924744,-197.56320190,134.43878174,159.39549255,-201.98919678,-211.85568237,-20.80770111,225.32780457,-96.57262421,110.37401581,147.21763611,-27.33961678,290.33639526,105.87329102,77.46867371
196.94187927,-130.19137573,48.80176544,-154.46571350,103.43359375,139.04652405,-64.51893616,-11.88271713,-70.09902954,48.53046417,42.98249435,53.59968948,-53.48476028,47.27249527,60.86631393,206.07553101,-197.73690796,197.87413025,-79.04725647,-49.78718567,-90.11049652,-28.35221863,-139.91180420,-249.71507263,91.72480774,127.49938965,202.95526123,251.97030640,-162.86674500,129.93418884,114.93313599,-216.43090820,-73.00205994,113.40173340,69.19361115,-98.99602509,67.52854919,178.15589905,-221.59535217,-171.31314087,201.69093323,18.84705544,246.85736084,100.41147614,23.97768784,-128.19812012,177.88519287,-221.74925232,9.70827293,258.39044189,-218.52548218,-279.14697266,115.06330109,63.97834778,110.46888733,57.29042053,35.08990097,11.37926960,143.24340820,-36.68375397,-48.61954880,12.52849960,-39.02083206,107.79650879,124.83266449,74.30152130,-178.63420105,-331.87561035,266.94769287,9.40741253,-28.61858177,-88.78039551,-150.73139954,-48.52427673,61.53136826,143.64419556,-243.31584167,-231.62211609,151.56726074,97.22441101,-50.76160049,-117.49601746,-169.60125732,-40.46561432,-87.34930420,19.88623428,178.62702942,-155.18458557,210.44458008,-60.94974899,56.85639954,-239.33805847,175.70082092,9.99486923,27.89499474,-24.54933929,146.92741394,122.08760834,46.62559891,-138.30923462,100.13068390,-104.01794434,-114.85340881,-48.40161514,122.17491150,143.33969116,-198.30757141,-114.41299438,-94.88436890,162.26042175,-63.17338181,-41.42939758,-28.08845520,-239.09460449,-139.91258240,92.33812714,159.17871094,-205.01985168,-204.29574585,-44.82159042,157.87232971,-114.67504883,107.39279938,176.41682434,-40.60337448,233.87702942,73.35550690,54.81957245
129.44313049,-117.67121124,25.09483528,-144.29119873,91.63317871,11.79378891,-43.08433151,75.10295105,-38.02105713,-70.21014404,59.57555771,-2.98680711,-9.16743469,62.68186569,25.01938057,71.09185791,-64.68347168,211.93780518,-68.42395782,49.16755295,-106.52002716,57.45102310,-165.89306641,-290.73001099,97.66429901,55.55609131,157.71197510,101.98453522,-132.40151978,112.84370422,59.42348480,-111.84130859,-34.91464233,50.44195938,66.35651398,-65.18782043,33.06325912,130.37747192,-189.17762756,-150.11938477,190.62939453,-45.65739441,172.62425232,102.75979614,74.73517609,-76.09014893,235.18515015,-178.23474121,-0.03057346,126.80484009,-242.17445374,-233.39857483,32.26219177,52.71661758,92.18247986,16.84361839,19.29530525,14.72419739,117.27727509,-49.43463898,-29.00658798,-19.26506615,-23.47157669,99.60679626,32.51898193,159.75630188,-187.89666748,-272.10275269,135.25924683,33.59381866,-29.75333214,-31.60434151,-124.55670929,-103.65038300,110.77241516,125.39354706,-148.41423035,-218.76626587,123.69834137,92.24181366,-58.53826523,-102.78012085,-193.37220764,-2.41166329,-54.80867386,-6.75750780,88.74121857,-145.28004456,102.89309692,-11.81159401,57.03712082,-119.76718903,226.11639404,17.08489799,8.76442814,10.48850346,21.52153015,102.85707092,-20.09393883,-145.79960632,65.41001892,-22.76902390,-117.76956177,23.61379623,65.66247559,116.92621613,-82.34950256,-10.78248787,-79.96678925,76.60684204,-62.42420959,3.12762809,-3.05543661,-203.85295105,-183.13233948,122.73828888,68.10753632,-144.54588318,-171.44868469,3.29636526,172.77587891,-44.87273026,63.94059753,105.74846649,-13.89026165,253.86198425,65.68803406,22.62647247
120.11539459,-93.33665466,38.71749878,-143.03744507,101.39534760,-2.02828741,-40.51998138,97.85488892,-37.90398788,-84.40419769,48.72529221,-15.50044823,-16.39949226,60.90244293,15.21984005,47.13759232,-52.12714005,191.59208679,-70.68277740,46.06382370,-89.36768341,61.02098846,-155.91226196,-283.27188110,102.17639923,43.71873856,147.96647644,82.66811371,-126.52930450,84.40578461,29.02163315,-103.44763184,-24.95463562,55.64542389,67.77713776,-52.95829391,35.41073227,114.56548309,-182.92710876,-139.05261230,181.57212830,-41.64097214,158.23670959,98.94252014,75.04197693,-75.59291077,232.88081360,-159.72105408,1.48968732,108.72583771,-227.70460510,-219.91694641,31.98647690,51.29909515,71.86595154,20.27586555,11.43946552,6.59217787,90.72282410,-39.73025131,-16.34258270,-21.93937492,-22.36622238,91.67647552,13.33311272,169.29804993,-173.85363770,-232.37164307,119.20027924,13.36922550,-27.02758598,-41.05302048,-133.65994263,-102.55077362,108.80014801,120.81585693,-122.15172577,-206.87489319,117.51203156,83.15598297,-51.00214767,-98.52258301,-183.17214966,-4.08710814,-43.89614487,-22.49663734,85.11666870,-132.47077942,100.70841217,-30.88097191,50.71928406,-105.17058563,216.02381897,14.80048847,-1.05210447,18.29649734,9.86409569,79.61640167,-30.87285995,-149.62890625,63.68416214,-15.37700367,-116.92559052,16.36769676,70.64732361,99.46200562,-69.33351135,3.21387839,-80.80921936,64.16696930,-61.90922546,-1.19883120,-0.84525931,-198.56243896,-172.25172424,102.76505280,51.54410553,-125.68213654,-163.68859863,2.13904142,165.07223511,-34.53897476,70.60800934,109.24816895,-4.01903152,238.52127075,61.45855713,15.76528549
198.25555420,-177.03073120,63.04566193,-194.96577454,143.43745422,60.79246902,-57.66219330,111.57294464,-43.84188843,-83.57693481,47.57354355,31.20261574,-35.65212250,67.87469482,35.69881821,171.84638977,-146.79885864,250.24859619,-88.08956909,18.61155510,-150.25071716,60.27049637,-221.45162964,-340.27548218,138.30015564,79.36758423,225.54039001,213.69816589,-179.38352966,149.02635193,130.19392395,-200.02471924,-63.43663788,104.60894012,86.71862793,-98.40111542,64.34961700,175.35910034,-274.92752075,-203.09678650,247.81338501,-44.93996048,250.13424683,135.84146118,97.78670502,-156.96669006,288.07626343,-271.13323975,-22.49473763,220.14753723,-304.04342651,-318.06521606,70.61846924,103.27310181,127.55250549,50.60007858,41.52208710,-14.39757061,172.57508850,-74.74684143,-16.44434357,7.28938818,-67.16546631,136.58264160,31.91243172,210.43478394,-273.77813721,-361.92922974,266.38775635,36.82778931,-32.34871292,-98.68235779,-199.42825317,-145.32049561,103.96183014,191.12039185,-245.39471436,-275.61077881,186.47636414,119.60574341,-77.08600616,-171.09017944,-222.27340698,-43.94939041,-81.88765717,-24.02161407,170.98175049,-173.42916870,193.64906311,-60.99264908,96.08333588,-217.16757202,276.54306030,10.63946056,32.23170471,-28.49385452,75.20959473,160.61674500,5.22799969,-211.64633179,94.60437012,-38.12100983,-144.88041687,-10.16832352,146.79917908,184.95738220,-150.87649536,-62.67481613,-149.29158020,158.40965271,-93.89638519,2.34851623,-47.70527267,-288.70721436,-224.15992737,142.99319458,120.48569489,-216.46940613,-241.81869507,-1.14207840,250.96443176,-117.28154755,130.08978271,186.35914612,-11.00508499,337.52276611,118.90468597,56.66047287
137.68020630,-78.67183685,25.66691589,-120.69232941,110.87995148,-2.97482252,-12.54340839,87.14045715,-50.18717575,-84.01667786,86.05642700,12.17554283,-39.44822311,25.18379211,38.25025940,27.08706856,-40.90876770,160.30458069,-89.59555817,48.67930603,-64.55298615,41.59900284,-121.12505341,-262.92187500,61.23598862,39.33725357,171.17807007,69.32879639,-110.64469910,100.34042358,1.87171745,-92.51248932,-28.82746696,49.45335007,29.03765488,-56.61834335,0.36547035,125.41155243,-132.41453552,-124.72383118,162.14877319,-41.26211548,156.03013611,92.97895050,46.95758057,-58.15455627,227.08026123,-176.04202271,21.88084602,98.22525787,-227.90170288,-215.98564148,44.44930267,13.10991192,102.60737610,-4.30142736,13.61402512,30.66136169,60.99732590,-13.98071957,-8.28087902,-34.84421158,6.73087549,62.06808472,15.15325165,151.80767822,-177.45547485,-174.41775513,86.79585266,1.15818751,-58.69410324,-21.95094299,-105.64608765,-82.15405273,119.49095154,76.40006256,-85.73031616,-220.02246094,86.90130615,113.91642761,-13.65013218,-53.40111923,-181.91004944,21.29143524,-27.83659363,-7.47103643,69.85565186,-153.20457458,100.06443787,0.94329846,49.06820679,-76.69358063,224.56811523,-9.67447281,-21.77249908,-7.25863647,3.92338562,56.19180298,-5.94562912,-109.42083740,68.85361481,-25.89057541,-75.05117035,23.86620903,33.52285767,120.39541626,-58.18318176,-16.53607941,-55.35179901,77.83985901,-29.14057541,-7.35066700,25.16365242,-176.63217163,-170.48875427,108.11626434,35.82758331,-146.14230347,-169.67028809,3.64377904,136.12391663,-49.95478058,28.59175301,116.12692261,-26.15364647,238.22651672,25.35836601,-21.86830711
139.76853943,-95.88859558,63.99833679,-132.94813538,93.90925598,95.73822784,-57.67132950,5.90967989,-30.23439407,18.90416336,14.75724697,7.55075026,-26.91399002,53.55701065,47.62671280,132.62242126,-141.96626282,130.40594482,-62.18833542,-40.78131866,-51.92156982,-3.93058777,-105.57989502,-190.93519592,69.71562195,71.52404785,133.88119507,164.27976990,-98.06887054,57.03202820,60.05112839,-151.79605103,-20.43110085,107.44959259,77.40405273,-42.73597336,71.08880615,105.43195343,-161.99150085,-137.53939819,138.43774414,38.88961411,186.74026489,97.69967651,32.62754059,-79.55971527,147.81518555,-147.46614075,17.20100212,170.63211060,-178.22723389,-225.58763123,84.33048248,38.33277130,56.39722824,60.60695648,-0.43388954,-4.69672155,68.06906891,-2.85876608,-18.50596237,-17.81595802,-19.04233742,54.51989746,66.01084137,73.76396942,-122.07904053,-230.66117859,173.87155151,-17.83643532,-8.88545609,-91.59347534,-132.83033752,-15.03944969,64.59100342,90.72122192,-159.51455688,-169.61782837,100.81835175,70.32534027,-46.22387314,-70.06430054,-143.66510010,-14.35853481,-47.79764175,-12.56719208,144.00962830,-93.04632568,144.12081909,-73.39001465,12.01623726,-178.63438416,153.89341736,21.02683258,-9.68972492,23.15224266,101.33475494,68.94343567,0.40958542,-114.79320526,95.25030518,-72.71395874,-99.38478851,-57.56533813,106.28572083,73.34938049,-143.82246399,-60.09333038,-85.50820923,97.85284424,-68.10952759,-50.64521408,-0.85413945,-157.24591064,-119.15701294,42.85237122,115.34271240,-145.75201416,-172.63133240,-53.75891495,127.83540344,-51.29522324,98.19674683,106.02523041,-31.52369308,174.58949280,41.49189758,24.09565163
169.30923462,-165.29641724,53.72610092,-188.05526733,88.09085083,88.34654999,-76.44813538,6.78841639,-30.25243187,4.38668489,24.90813065,25.80591393,-12.50637245,81.19346619,40.68475342,184.24452209,-163.67002869,233.52601624,-63.36606598,-0.03803537,-130.16174316,26.39319611,-202.52462769,-298.08306885,118.78729248,116.96570587,183.60874939,216.67552185,-155.95724487,129.32768250,139.44773865,-203.84825134,-50.42824173,96.63558960,94.90051270,-79.05372620,70.32423401,165.17419434,-253.80624390,-202.89204407,223.53265381,-13.61185455,240.41130066,128.26602173,69.24392700,-126.29168701,240.08772278,-209.35281372,-2.99748302,246.92381287,-261.63934326,-275.09753418,71.18760681,85.42819214,79.47915649,64.07912445,18.79424667,20.68830490,174.70404053,-65.03297424,-72.78913116,-5.49373627,-47.42890930,128.15960693,121.18013763,116.04096985,-204.19624329,-380.07058716,248.20483398,37.90230560,-15.68535709,-67.89939880,-173.05410767,-97.81362152,96.78565979,172.53648376,-250.08036804,-225.45687866,166.32395935,78.10087585,-87.19444275,-153.00196838,-206.42088318,-54.92340469,-94.15052795,1.22947633,164.67933655,-141.63462830,175.29226685,-59.63393402,56.15064621,-232.17289734,211.01091003,33.56115723,36.09901047,-2.96214056,106.22624969,146.22349548,28.18850708,-189.84170532,87.39743042,-74.01692200,-143.99333191,-13.47342873,134.20651245,137.69755554,-176.05476379,-64.75650024,-126.32960510,119.70349884,-96.79065704,-21.23117256,-30.58165550,-245.64755249,-194.56719971,120.46093750,156.08551025,-181.72607422,-194.00849915,-33.65193558,218.79054260,-79.82238007,103.24786377,143.03765869,-26.94698906,276.17260742,98.20824432,74.20091248
